1.000,1.000,0.000,0.000,0.835,-0.032,1.007,-0.017,-0.001,-0.001,0.975,-0.008
2.000,1.000,0.000,0.000,1.028,0.062,1.007,-0.017,-0.001,-0.001,0.975,-0.008
3.000,1.000,0.000,0.000,0.903,-0.041,1.007,-0.017,-0.001,-0.001,0.975,-0.008
4.000,1.000,0.000,0.000,0.989,-0.042,1.007,-0.017,-0.001,-0.001,0.975,-0.008
5.000,1.000,0.000,0.000,0.969,-0.002,1.007,-0.017,-0.001,-0.001,0.975,-0.008
6.000,1.000,0.000,0.000,0.765,-0.094,1.007,-0.017,-0.001,-0.001,0.975,-0.008
7.000,1.000,0.000,0.000,1.064,0.015,1.007,-0.017,-0.001,-0.001,0.975,-0.008
8.000,1.000,0.000,0.000,0.896,0.011,1.007,-0.017,-0.001,-0.001,0.975,-0.008
9.000,1.000,0.000,0.000,1.228,-0.073,1.007,-0.017,-0.001,-0.001,0.975,-0.008
10.000,1.000,0.000,0.000,0.769,0.004,1.007,-0.017,-0.001,-0.001,0.975,-0.008
11.000,1.000,0.000,0.000,0.679,-0.139,1.007,-0.017,-0.001,-0.001,0.975,-0.008
12.000,1.000,0.000,0.000,0.798,-0.056,1.007,-0.017,-0.001,-0.001,0.975,-0.008
13.000,1.000,0.000,0.000,0.993,-0.062,1.007,-0.017,-0.001,-0.001,0.975,-0.008
14.000,1.000,0.000,0.000,1.101,0.054,1.007,-0.017,-0.001,-0.001,0.975,-0.008
15.000,1.000,0.000,0.000,0.705,0.000,1.007,-0.017,-0.001,-0.001,0.975,-0.008
16.000,1.000,0.000,0.000,0.931,0.161,1.007,-0.017,-0.001,-0.001,0.975,-0.008
17.000,1.000,0.000,0.000,1.328,0.030,1.007,-0.017,-0.001,-0.001,0.975,-0.008
18.000,1.000,0.000,0.000,0.831,-0.085,1.007,-0.017,-0.001,-0.001,0.975,-0.008
19.000,1.000,0.000,0.000,1.043,0.033,1.007,-0.017,-0.001,-0.001,0.975,-0.008
20.000,1.000,0.000,0.000,0.750,0.071,1.007,-0.017,-0.001,-0.001,0.975,-0.008
21.000,1.000,0.000,0.000,0.971,-0.172,1.007,-0.017,-0.001,-0.001,0.975,-0.008
22.000,1.000,0.000,0.000,1.251,0.245,1.007,-0.017,-0.001,-0.001,0.975,-0.008
23.000,1.000,0.000,0.000,1.260,-0.156,1.007,-0.017,-0.001,-0.001,0.975,-0.008
24.000,1.000,0.000,0.000,0.963,-0.064,1.007,-0.017,-0.001,-0.001,0.975,-0.008
25.000,1.000,0.000,0.000,1.021,0.133,1.007,-0.017,-0.001,-0.001,0.975,-0.008
26.000,1.000,0.000,0.000,0.913,0.091,1.007,-0.017,-0.001,-0.001,0.975,-0.008
27.000,1.000,0.000,0.000,1.236,-0.156,1.007,-0.017,-0.001,-0.001,0.975,-0.008
28.000,1.000,0.000,0.000,0.864,-0.077,1.007,-0.017,-0.001,-0.001,0.975,-0.008
29.000,1.000,0.000,0.000,0.877,0.078,1.007,-0.017,-0.001,-0.001,0.975,-0.008
30.000,1.000,0.000,0.000,0.765,0.022,1.007,-0.017,-0.001,-0.001,0.975,-0.008
31.000,1.000,0.000,0.000,1.064,0.027,1.007,-0.017,-0.001,-0.001,0.975,-0.008
32.000,1.000,0.000,0.000,0.990,0.051,1.007,-0.017,-0.001,-0.001,0.975,-0.008
33.000,1.000,0.000,0.000,0.997,-0.013,1.007,-0.017,-0.001,-0.001,0.975,-0.008
34.000,1.000,0.000,0.000,1.070,0.100,1.007,-0.017,-0.001,-0.001,0.975,-0.008
35.000,1.000,0.000,0.000,0.774,-0.054,1.007,-0.017,-0.001,-0.001,0.975,-0.008
36.000,1.000,0.000,0.000,0.992,0.129,1.007,-0.017,-0.001,-0.001,0.975,-0.008
37.000,1.000,0.000,0.000,1.167,0.050,1.007,-0.017,-0.001,-0.001,0.975,-0.008
38.000,1.000,0.000,0.000,0.698,-0.216,1.007,-0.017,-0.001,-0.001,0.975,-0.008
39.000,1.000,0.000,0.000,0.778,-0.058,1.007,-0.017,-0.001,-0.001,0.975,-0.008
40.000,1.000,0.000,0.000,0.957,-0.058,1.007,-0.017,-0.001,-0.001,0.975,-0.008
41.000,1.000,0.000,0.000,0.904,0.083,1.007,-0.017,-0.001,-0.001,0.975,-0.008
42.000,1.000,0.000,0.000,1.158,0.073,1.007,-0.017,-0.001,-0.001,0.975,-0.008
43.000,1.000,0.000,0.000,0.924,0.012,1.007,-0.017,-0.001,-0.001,0.975,-0.008
44.000,1.000,0.000,0.000,1.257,-0.077,1.007,-0.017,-0.001,-0.001,0.975,-0.008
45.000,1.000,0.000,0.000,1.051,0.009,1.007,-0.017,-0.001,-0.001,0.975,-0.008
46.000,1.000,0.000,0.000,1.239,0.159,1.007,-0.017,-0.001,-0.001,0.975,-0.008
47.000,1.000,0.000,0.000,1.043,0.019,1.007,-0.017,-0.001,-0.001,0.975,-0.008
48.000,1.000,0.000,0.000,0.768,-0.066,1.007,-0.017,-0.001,-0.001,0.975,-0.008
49.000,1.000,0.000,0.000,0.898,-0.105,1.007,-0.017,-0.001,-0.001,0.975,-0.008
50.000,1.000,0.000,0.000,0.951,-0.073,1.007,-0.017,-0.001,-0.001,0.975,-0.008
51.000,1.000,0.000,0.000,1.050,0.030,1.007,-0.017,-0.001,-0.001,0.975,-0.008
52.000,1.000,0.000,0.000,0.703,0.061,1.007,-0.017,-0.001,-0.001,0.975,-0.008
53.000,1.000,0.000,0.000,1.040,-0.208,1.007,-0.017,-0.001,-0.001,0.975,-0.008
54.000,1.000,0.000,0.000,0.618,-0.095,1.007,-0.017,-0.001,-0.001,0.975,-0.008
55.000,1.000,0.000,0.000,1.219,0.216,1.007,-0.017,-0.001,-0.001,0.975,-0.008
56.000,1.000,0.000,0.000,1.069,0.083,1.007,-0.017,-0.001,-0.001,0.975,-0.008
57.000,1.000,0.000,0.000,0.627,-0.334,1.007,-0.017,-0.001,-0.001,0.975,-0.008
58.000,1.000,0.000,0.000,1.010,-0.043,1.007,-0.017,-0.001,-0.001,0.975,-0.008
59.000,1.000,0.000,0.000,0.828,0.008,1.007,-0.017,-0.001,-0.001,0.975,-0.008
60.000,1.000,0.000,0.000,0.687,-0.104,1.007,-0.017,-0.001,-0.001,0.975,-0.008
61.000,1.000,0.000,0.000,1.203,0.134,1.007,-0.017,-0.001,-0.001,0.975,-0.008
62.000,1.000,0.000,0.000,1.040,-0.085,1.007,-0.017,-0.001,-0.001,0.975,-0.008
63.000,1.000,0.000,0.000,1.032,-0.047,1.007,-0.017,-0.001,-0.001,0.975,-0.008
64.000,1.000,0.000,0.000,1.130,-0.035,1.007,-0.017,-0.001,-0.001,0.975,-0.008
65.000,1.000,0.000,0.000,1.142,0.080,1.007,-0.017,-0.001,-0.001,0.975,-0.008
66.000,1.000,0.000,0.000,0.993,-0.142,1.007,-0.017,-0.001,-0.001,0.975,-0.008
67.000,1.000,0.000,0.000,0.899,0.090,1.007,-0.017,-0.001,-0.001,0.975,-0.008
68.000,1.000,0.000,0.000,0.880,-0.023,1.007,-0.017,-0.001,-0.001,0.975,-0.008
69.000,1.000,0.000,0.000,1.226,0.039,1.007,-0.017,-0.001,-0.001,0.975,-0.008
70.000,1.000,0.000,0.000,0.843,0.005,1.007,-0.017,-0.001,-0.001,0.975,-0.008
71.000,1.000,0.000,0.000,0.930,0.095,1.007,-0.017,-0.001,-0.001,0.975,-0.008
72.000,1.000,0.000,0.000,0.797,-0.009,1.007,-0.017,-0.001,-0.001,0.975,-0.008
73.000,1.000,0.000,0.000,1.153,0.132,1.007,-0.017,-0.001,-0.001,0.975,-0.008
74.000,1.000,0.000,0.000,1.147,0.196,1.007,-0.017,-0.001,-0.001,0.975,-0.008
75.000,1.000,0.000,0.000,0.745,0.055,1.007,-0.017,-0.001,-0.001,0.975,-0.008
76.000,1.000,0.000,0.000,1.181,-0.158,1.007,-0.017,-0.001,-0.001,0.975,-0.008
77.000,1.000,0.000,0.000,1.057,0.042,1.007,-0.017,-0.001,-0.001,0.975,-0.008
78.000,1.000,0.000,0.000,0.903,-0.119,1.007,-0.017,-0.001,-0.001,0.975,-0.008
79.000,1.000,0.000,0.000,1.333,0.047,1.007,-0.017,-0.001,-0.001,0.975,-0.008
80.000,1.000,0.000,0.000,0.990,0.006,1.007,-0.017,-0.001,-0.001,0.975,-0.008
81.000,1.000,0.000,0.000,1.208,-0.043,1.007,-0.017,-0.001,-0.001,0.975,-0.008
82.000,1.000,0.000,0.000,0.839,0.021,1.007,-0.017,-0.001,-0.001,0.975,-0.008
83.000,1.000,0.000,0.000,1.233,0.114,1.007,-0.017,-0.001,-0.001,0.975,-0.008
84.000,1.000,0.000,0.000,0.893,-0.215,1.007,-0.017,-0.001,-0.001,0.975,-0.008
85.000,1.000,0.000,0.000,0.795,-0.145,1.007,-0.017,-0.001,-0.001,0.975,-0.008
86.000,1.000,0.000,0.000,0.929,-0.079,1.007,-0.017,-0.001,-0.001,0.975,-0.008
87.000,1.000,0.000,0.000,0.863,0.031,1.007,-0.017,-0.001,-0.001,0.975,-0.008
88.000,1.000,0.000,0.000,0.763,-0.053,1.007,-0.017,-0.001,-0.001,0.975,-0.008
89.000,1.000,0.000,0.000,1.186,-0.024,1.007,-0.017,-0.001,-0.001,0.975,-0.008
90.000,1.000,0.000,0.000,0.919,-0.025,1.007,-0.017,-0.001,-0.001,0.975,-0.008
91.000,1.000,0.000,0.000,1.083,0.139,1.007,-0.017,-0.001,-0.001,0.975,-0.008
92.000,1.000,0.000,0.000,0.895,-0.074,1.007,-0.017,-0.001,-0.001,0.975,-0.008
93.000,1.000,0.000,0.000,1.057,0.191,1.007,-0.017,-0.001,-0.001,0.975,-0.008
94.000,1.000,0.000,0.000,0.861,-0.139,1.007,-0.017,-0.001,-0.001,0.975,-0.008
95.000,1.000,0.000,0.000,0.995,0.079,1.007,-0.017,-0.001,-0.001,0.975,-0.008
96.000,1.000,0.000,0.000,0.895,0.065,1.007,-0.017,-0.001,-0.001,0.975,-0.008
97.000,1.000,0.000,0.000,1.043,0.110,1.007,-0.017,-0.001,-0.001,0.975,-0.008
98.000,1.000,0.000,0.000,1.063,0.022,1.007,-0.017,-0.001,-0.001,0.975,-0.008
99.000,1.000,0.000,0.000,0.998,0.054,1.007,-0.017,-0.001,-0.001,0.975,-0.008
100.000,1.000,0.000,0.000,1.214,-0.127,1.007,-0.017,-0.001,-0.001,0.975,-0.008
101.000,1.000,0.000,0.000,1.094,-0.013,1.007,-0.017,-0.001,-0.001,0.975,-0.008
102.000,1.000,0.000,0.000,1.120,-0.100,1.007,-0.017,-0.001,-0.001,0.975,-0.008
103.000,1.000,0.000,0.000,0.952,-0.047,1.007,-0.017,-0.001,-0.001,0.975,-0.008
104.000,1.000,0.000,0.000,0.731,-0.049,1.007,-0.017,-0.001,-0.001,0.975,-0.008
105.000,1.000,0.000,0.000,1.169,-0.201,1.007,-0.017,-0.001,-0.001,0.975,-0.008
106.000,1.000,0.000,0.000,1.135,-0.146,1.007,-0.017,-0.001,-0.001,0.975,-0.008
107.000,1.000,0.000,0.000,1.020,-0.109,1.007,-0.017,-0.001,-0.001,0.975,-0.008
108.000,1.000,0.000,0.000,0.845,-0.017,1.007,-0.017,-0.001,-0.001,0.975,-0.008
109.000,1.000,0.000,0.000,1.093,0.027,1.007,-0.017,-0.001,-0.001,0.975,-0.008
110.000,1.000,0.000,0.000,0.906,-0.017,1.007,-0.017,-0.001,-0.001,0.975,-0.008
111.000,1.000,0.000,0.000,0.822,-0.137,1.007,-0.017,-0.001,-0.001,0.975,-0.008
112.000,1.000,0.000,0.000,0.765,-0.100,1.007,-0.017,-0.001,-0.001,0.975,-0.008
113.000,1.000,0.000,0.000,1.346,0.204,1.007,-0.017,-0.001,-0.001,0.975,-0.008
114.000,1.000,0.000,0.000,0.996,-0.016,1.007,-0.017,-0.001,-0.001,0.975,-0.008
115.000,1.000,0.000,0.000,1.139,0.053,1.007,-0.017,-0.001,-0.001,0.975,-0.008
116.000,1.000,0.000,0.000,1.014,-0.115,1.007,-0.017,-0.001,-0.001,0.975,-0.008
117.000,1.000,0.000,0.000,0.867,-0.031,1.007,-0.017,-0.001,-0.001,0.975,-0.008
118.000,1.000,0.000,0.000,1.209,-0.068,1.007,-0.017,-0.001,-0.001,0.975,-0.008
119.000,1.000,0.000,0.000,0.979,0.133,1.007,-0.017,-0.001,-0.001,0.975,-0.008
120.000,1.000,0.000,0.000,0.954,0.081,1.007,-0.017,-0.001,-0.001,0.975,-0.008
121.000,1.000,0.000,0.000,1.111,0.052,1.007,-0.017,-0.001,-0.001,0.975,-0.008
122.000,1.000,0.000,0.000,1.150,0.031,1.007,-0.017,-0.001,-0.001,0.975,-0.008
123.000,1.000,0.000,0.000,1.024,-0.075,1.007,-0.017,-0.001,-0.001,0.975,-0.008
124.000,1.000,0.000,0.000,0.684,0.054,1.007,-0.017,-0.001,-0.001,0.975,-0.008
125.000,1.000,0.000,0.000,1.167,0.168,1.007,-0.017,-0.001,-0.001,0.975,-0.008
126.000,1.000,0.000,0.000,1.117,0.040,1.007,-0.017,-0.001,-0.001,0.975,-0.008
127.000,1.000,0.000,0.000,0.767,-0.174,1.007,-0.017,-0.001,-0.001,0.975,-0.008
128.000,1.000,0.000,0.000,0.733,-0.064,1.007,-0.017,-0.001,-0.001,0.975,-0.008
129.000,1.000,0.000,0.000,1.022,0.155,1.007,-0.017,-0.001,-0.001,0.975,-0.008
130.000,1.000,0.000,0.000,0.832,0.010,1.007,-0.017,-0.001,-0.001,0.975,-0.008
131.000,1.000,0.000,0.000,0.766,-0.021,1.007,-0.017,-0.001,-0.001,0.975,-0.008
132.000,1.000,0.000,0.000,0.849,-0.054,1.007,-0.017,-0.001,-0.001,0.975,-0.008
133.000,1.000,0.000,0.000,0.906,0.043,1.007,-0.017,-0.001,-0.001,0.975,-0.008
134.000,1.000,0.000,0.000,0.827,-0.006,1.007,-0.017,-0.001,-0.001,0.975,-0.008
135.000,1.000,0.000,0.000,0.994,0.042,1.007,-0.017,-0.001,-0.001,0.975,-0.008
136.000,1.000,0.000,0.000,0.929,-0.108,1.007,-0.017,-0.001,-0.001,0.975,-0.008
137.000,1.000,0.000,0.000,1.129,-0.035,1.007,-0.017,-0.001,-0.001,0.975,-0.008
138.000,1.000,0.000,0.000,1.194,0.032,1.007,-0.017,-0.001,-0.001,0.975,-0.008
139.000,1.000,0.000,0.000,1.079,0.092,1.007,-0.017,-0.001,-0.001,0.975,-0.008
140.000,1.000,0.000,0.000,1.040,-0.033,1.007,-0.017,-0.001,-0.001,0.975,-0.008
141.000,1.000,0.000,0.000,1.183,-0.096,1.007,-0.017,-0.001,-0.001,0.975,-0.008
142.000,1.000,0.000,0.000,0.864,-0.024,1.007,-0.017,-0.001,-0.001,0.975,-0.008
143.000,1.000,0.000,0.000,1.085,0.064,1.007,-0.017,-0.001,-0.001,0.975,-0.008
144.000,1.000,0.000,0.000,0.867,-0.031,1.007,-0.017,-0.001,-0.001,0.975,-0.008
145.000,1.000,0.000,0.000,1.041,-0.077,1.007,-0.017,-0.001,-0.001,0.975,-0.008
146.000,1.000,0.000,0.000,0.992,-0.012,1.007,-0.017,-0.001,-0.001,0.975,-0.008
147.000,1.000,0.000,0.000,0.961,-0.033,1.007,-0.017,-0.001,-0.001,0.975,-0.008
148.000,1.000,0.000,0.000,1.290,0.034,1.007,-0.017,-0.001,-0.001,0.975,-0.008
149.000,1.000,0.000,0.000,0.679,-0.023,1.007,-0.017,-0.001,-0.001,0.975,-0.008
150.000,1.000,0.000,0.000,0.711,-0.052,1.007,-0.017,-0.001,-0.001,0.975,-0.008
151.000,1.000,0.000,0.000,0.855,0.006,1.007,-0.017,-0.001,-0.001,0.975,-0.008
152.000,1.000,0.000,0.000,1.072,-0.033,1.007,-0.017,-0.001,-0.001,0.975,-0.008
153.000,1.000,0.000,0.000,1.164,-0.099,1.007,-0.017,-0.001,-0.001,0.975,-0.008
154.000,1.000,0.000,0.000,0.978,0.154,1.007,-0.017,-0.001,-0.001,0.975,-0.008
155.000,1.000,0.000,0.000,0.768,0.098,1.007,-0.017,-0.001,-0.001,0.975,-0.008
156.000,1.000,0.000,0.000,0.899,0.023,1.007,-0.017,-0.001,-0.001,0.975,-0.008
157.000,1.000,0.000,0.000,0.712,-0.051,1.007,-0.017,-0.001,-0.001,0.975,-0.008
158.000,1.000,0.000,0.000,0.889,0.046,1.007,-0.017,-0.001,-0.001,0.975,-0.008
159.000,1.000,0.000,0.000,0.995,0.011,1.007,-0.017,-0.001,-0.001,0.975,-0.008
160.000,1.000,0.000,0.000,0.799,-0.048,1.007,-0.017,-0.001,-0.001,0.975,-0.008
161.000,1.000,0.000,0.000,0.938,0.059,1.007,-0.017,-0.001,-0.001,0.975,-0.008
162.000,1.000,0.000,0.000,0.798,0.057,1.007,-0.017,-0.001,-0.001,0.975,-0.008
163.000,1.000,0.000,0.000,1.254,0.086,1.007,-0.017,-0.001,-0.001,0.975,-0.008
164.000,1.000,0.000,0.000,1.224,0.252,1.007,-0.017,-0.001,-0.001,0.975,-0.008
165.000,1.000,0.000,0.000,1.320,-0.091,1.007,-0.017,-0.001,-0.001,0.975,-0.008
166.000,1.000,0.000,0.000,0.969,-0.056,1.007,-0.017,-0.001,-0.001,0.975,-0.008
167.000,1.000,0.000,0.000,0.972,0.006,1.007,-0.017,-0.001,-0.001,0.975,-0.008
168.000,1.000,0.000,0.000,1.011,-0.028,1.007,-0.017,-0.001,-0.001,0.975,-0.008
169.000,1.000,0.000,0.000,0.776,0.061,1.007,-0.017,-0.001,-0.001,0.975,-0.008
170.000,1.000,0.000,0.000,1.238,-0.007,1.007,-0.017,-0.001,-0.001,0.975,-0.008
171.000,1.000,0.000,0.000,1.132,0.021,1.007,-0.017,-0.001,-0.001,0.975,-0.008
172.000,1.000,0.000,0.000,1.051,0.093,1.007,-0.017,-0.001,-0.001,0.975,-0.008
173.000,1.000,0.000,0.000,0.912,-0.082,1.007,-0.017,-0.001,-0.001,0.975,-0.008
174.000,1.000,0.000,0.000,0.913,-0.035,1.007,-0.017,-0.001,-0.001,0.975,-0.008
175.000,1.000,0.000,0.000,0.947,-0.203,1.007,-0.017,-0.001,-0.001,0.975,-0.008
176.000,1.000,0.000,0.000,0.812,0.004,1.007,-0.017,-0.001,-0.001,0.975,-0.008
177.000,1.000,0.000,0.000,0.952,0.058,1.007,-0.017,-0.001,-0.001,0.975,-0.008
178.000,1.000,0.000,0.000,0.809,-0.041,1.007,-0.017,-0.001,-0.001,0.975,-0.008
179.000,1.000,0.000,0.000,0.909,-0.091,1.007,-0.017,-0.001,-0.001,0.975,-0.008
180.000,1.000,0.000,0.000,1.047,0.031,1.007,-0.017,-0.001,-0.001,0.975,-0.008
181.000,1.000,0.000,0.000,0.785,-0.039,1.007,-0.017,-0.001,-0.001,0.975,-0.008
182.000,1.000,0.000,0.000,0.892,-0.013,1.007,-0.017,-0.001,-0.001,0.975,-0.008
183.000,1.000,0.000,0.000,1.038,0.073,1.007,-0.017,-0.001,-0.001,0.975,-0.008
184.000,1.000,0.000,0.000,0.675,-0.145,1.007,-0.017,-0.001,-0.001,0.975,-0.008
185.000,1.000,0.000,0.000,0.956,0.037,1.007,-0.017,-0.001,-0.001,0.975,-0.008
186.000,1.000,0.000,0.000,0.810,-0.168,1.007,-0.017,-0.001,-0.001,0.975,-0.008
187.000,1.000,0.000,0.000,0.957,-0.019,1.007,-0.017,-0.001,-0.001,0.975,-0.008
188.000,1.000,0.000,0.000,0.821,0.076,1.007,-0.017,-0.001,-0.001,0.975,-0.008
189.000,1.000,0.000,0.000,0.853,-0.113,1.007,-0.017,-0.001,-0.001,0.975,-0.008
190.000,1.000,0.000,0.000,1.087,0.149,1.007,-0.017,-0.001,-0.001,0.975,-0.008
191.000,1.000,0.000,0.000,0.979,-0.083,1.007,-0.017,-0.001,-0.001,0.975,-0.008
192.000,1.000,0.000,0.000,0.797,0.061,1.007,-0.017,-0.001,-0.001,0.975,-0.008
193.000,1.000,0.000,0.000,0.882,-0.081,1.007,-0.017,-0.001,-0.001,0.975,-0.008
194.000,1.000,0.000,0.000,0.897,-0.077,1.007,-0.017,-0.001,-0.001,0.975,-0.008
195.000,1.000,0.000,0.000,0.915,-0.093,1.007,-0.017,-0.001,-0.001,0.975,-0.008
196.000,1.000,0.000,0.000,0.754,-0.073,1.007,-0.017,-0.001,-0.001,0.975,-0.008
197.000,1.000,0.000,0.000,0.728,-0.130,1.007,-0.017,-0.001,-0.001,0.975,-0.008
198.000,1.000,0.000,0.000,0.926,-0.114,1.007,-0.017,-0.001,-0.001,0.975,-0.008
199.000,1.000,0.000,0.000,0.781,0.020,1.007,-0.017,-0.001,-0.001,0.975,-0.008
200.000,1.000,0.000,0.000,0.786,-0.103,1.007,-0.017,-0.001,-0.001,0.975,-0.008
201.000,1.000,0.000,0.000,1.009,-0.055,1.007,-0.017,-0.001,-0.001,0.975,-0.008
202.000,1.000,0.000,0.000,0.708,0.045,1.007,-0.017,-0.001,-0.001,0.975,-0.008
203.000,1.000,0.000,0.000,0.874,-0.087,1.007,-0.017,-0.001,-0.001,0.975,-0.008
204.000,1.000,0.000,0.000,0.772,0.013,1.007,-0.017,-0.001,-0.001,0.975,-0.008
205.000,1.000,0.000,0.000,1.131,0.037,1.007,-0.017,-0.001,-0.001,0.975,-0.008
206.000,1.000,0.000,0.000,0.826,-0.016,1.007,-0.017,-0.001,-0.001,0.975,-0.008
207.000,1.000,0.000,0.000,0.836,-0.073,1.007,-0.017,-0.001,-0.001,0.975,-0.008
208.000,1.000,0.000,0.000,0.979,-0.050,1.007,-0.017,-0.001,-0.001,0.975,-0.008
209.000,1.000,0.000,0.000,1.323,0.280,1.007,-0.017,-0.001,-0.001,0.975,-0.008
210.000,1.000,0.000,0.000,0.835,-0.166,1.007,-0.017,-0.001,-0.001,0.975,-0.008
211.000,1.000,0.000,0.000,0.777,-0.155,1.007,-0.017,-0.001,-0.001,0.975,-0.008
212.000,1.000,0.000,0.000,0.917,0.115,1.007,-0.017,-0.001,-0.001,0.975,-0.008
213.000,1.000,0.000,0.000,1.028,0.118,1.007,-0.017,-0.001,-0.001,0.975,-0.008
214.000,1.000,0.000,0.000,1.241,-0.019,1.007,-0.017,-0.001,-0.001,0.975,-0.008
215.000,1.000,0.000,0.000,0.769,-0.190,1.007,-0.017,-0.001,-0.001,0.975,-0.008
216.000,1.000,0.000,0.000,1.092,0.094,1.007,-0.017,-0.001,-0.001,0.975,-0.008
217.000,1.000,0.000,0.000,0.924,0.003,1.007,-0.017,-0.001,-0.001,0.975,-0.008
218.000,1.000,0.000,0.000,1.058,-0.108,1.007,-0.017,-0.001,-0.001,0.975,-0.008
219.000,1.000,0.000,0.000,0.853,-0.044,1.007,-0.017,-0.001,-0.001,0.975,-0.008
220.000,1.000,0.000,0.000,0.971,-0.041,1.007,-0.017,-0.001,-0.001,0.975,-0.008
221.000,1.000,0.000,0.000,0.808,-0.092,1.007,-0.017,-0.001,-0.001,0.975,-0.008
222.000,1.000,0.000,0.000,0.816,0.160,1.007,-0.017,-0.001,-0.001,0.975,-0.008
223.000,1.000,0.000,0.000,1.034,-0.082,1.007,-0.017,-0.001,-0.001,0.975,-0.008
224.000,1.000,0.000,0.000,0.887,0.037,1.007,-0.017,-0.001,-0.001,0.975,-0.008
225.000,1.000,0.000,0.000,0.953,0.085,1.007,-0.017,-0.001,-0.001,0.975,-0.008
226.000,1.000,0.000,0.000,0.912,0.000,1.007,-0.017,-0.001,-0.001,0.975,-0.008
227.000,1.000,0.000,0.000,0.883,-0.003,1.007,-0.017,-0.001,-0.001,0.975,-0.008
228.000,1.000,0.000,0.000,0.965,-0.028,1.007,-0.017,-0.001,-0.001,0.975,-0.008
229.000,1.000,0.000,0.000,0.927,-0.087,1.007,-0.017,-0.001,-0.001,0.975,-0.008
230.000,1.000,0.000,0.000,0.847,-0.128,1.007,-0.017,-0.001,-0.001,0.975,-0.008
231.000,1.000,0.000,0.000,0.905,0.077,1.007,-0.017,-0.001,-0.001,0.975,-0.008
232.000,1.000,0.000,0.000,1.111,0.063,1.007,-0.017,-0.001,-0.001,0.975,-0.008
233.000,1.000,0.000,0.000,1.040,-0.120,1.007,-0.017,-0.001,-0.001,0.975,-0.008
234.000,1.000,0.000,0.000,1.144,-0.059,1.007,-0.017,-0.001,-0.001,0.975,-0.008
235.000,1.000,0.000,0.000,1.071,-0.093,1.007,-0.017,-0.001,-0.001,0.975,-0.008
236.000,1.000,0.000,0.000,1.031,0.118,1.007,-0.017,-0.001,-0.001,0.975,-0.008
237.000,1.000,0.000,0.000,0.981,-0.180,1.007,-0.017,-0.001,-0.001,0.975,-0.008
238.000,1.000,0.000,0.000,0.678,-0.016,1.007,-0.017,-0.001,-0.001,0.975,-0.008
239.000,1.000,0.000,0.000,0.966,-0.131,1.007,-0.017,-0.001,-0.001,0.975,-0.008
240.000,1.000,0.000,0.000,0.986,0.063,1.007,-0.017,-0.001,-0.001,0.975,-0.008
241.000,1.000,0.000,0.000,1.168,-0.002,1.007,-0.017,-0.001,-0.001,0.975,-0.008
242.000,1.000,0.000,0.000,0.933,-0.015,1.007,-0.017,-0.001,-0.001,0.975,-0.008
243.000,1.000,0.000,0.000,0.771,0.017,1.007,-0.017,-0.001,-0.001,0.975,-0.008
244.000,1.000,0.000,0.000,0.886,-0.025,1.007,-0.017,-0.001,-0.001,0.975,-0.008
245.000,1.000,0.000,0.000,0.863,0.086,1.007,-0.017,-0.001,-0.001,0.975,-0.008
246.000,1.000,0.000,0.000,1.289,-0.053,1.007,-0.017,-0.001,-0.001,0.975,-0.008
247.000,1.000,0.000,0.000,0.865,0.069,1.007,-0.017,-0.001,-0.001,0.975,-0.008
248.000,1.000,0.000,0.000,1.119,-0.062,1.007,-0.017,-0.001,-0.001,0.975,-0.008
249.000,1.000,0.000,0.000,0.915,0.055,1.007,-0.017,-0.001,-0.001,0.975,-0.008
250.000,1.000,0.000,0.000,0.897,0.012,1.007,-0.017,-0.001,-0.001,0.975,-0.008
251.000,1.000,0.000,0.000,1.163,0.040,1.007,-0.017,-0.001,-0.001,0.975,-0.008
252.000,1.000,0.000,0.000,0.966,-0.133,1.007,-0.017,-0.001,-0.001,0.975,-0.008
253.000,1.000,0.000,0.000,0.820,-0.149,1.007,-0.017,-0.001,-0.001,0.975,-0.008
254.000,1.000,0.000,0.000,0.993,-0.031,1.007,-0.017,-0.001,-0.001,0.975,-0.008
255.000,1.000,0.000,0.000,0.956,-0.074,1.007,-0.017,-0.001,-0.001,0.975,-0.008
256.000,1.000,0.000,0.000,1.031,-0.049,1.007,-0.017,-0.001,-0.001,0.975,-0.008
257.000,1.000,0.000,0.000,0.598,-0.119,1.007,-0.017,-0.001,-0.001,0.975,-0.008
258.000,1.000,0.000,0.000,0.810,0.051,1.007,-0.017,-0.001,-0.001,0.975,-0.008
259.000,1.000,0.000,0.000,1.073,-0.085,1.007,-0.017,-0.001,-0.001,0.975,-0.008
260.000,1.000,0.000,0.000,0.984,-0.002,1.007,-0.017,-0.001,-0.001,0.975,-0.008
261.000,1.000,0.000,0.000,0.865,-0.009,1.007,-0.017,-0.001,-0.001,0.975,-0.008
262.000,1.000,0.000,0.000,0.999,0.050,1.007,-0.017,-0.001,-0.001,0.975,-0.008
263.000,1.000,0.000,0.000,0.894,0.026,1.007,-0.017,-0.001,-0.001,0.975,-0.008
264.000,1.000,0.000,0.000,1.067,-0.247,1.007,-0.017,-0.001,-0.001,0.975,-0.008
265.000,1.000,0.000,0.000,1.029,0.042,1.007,-0.017,-0.001,-0.001,0.975,-0.008
266.000,1.000,0.000,0.000,0.910,0.018,1.007,-0.017,-0.001,-0.001,0.975,-0.008
267.000,1.000,0.000,0.000,1.045,-0.046,1.007,-0.017,-0.001,-0.001,0.975,-0.008
268.000,1.000,0.000,0.000,0.811,-0.038,1.007,-0.017,-0.001,-0.001,0.975,-0.008
269.000,1.000,0.000,0.000,0.923,-0.037,1.007,-0.017,-0.001,-0.001,0.975,-0.008
270.000,1.000,0.000,0.000,0.788,-0.124,1.007,-0.017,-0.001,-0.001,0.975,-0.008
271.000,1.000,0.000,0.000,0.873,0.041,1.007,-0.017,-0.001,-0.001,0.975,-0.008
272.000,1.000,0.000,0.000,1.057,-0.100,1.007,-0.017,-0.001,-0.001,0.975,-0.008
273.000,1.000,0.000,0.000,1.107,-0.126,1.007,-0.017,-0.001,-0.001,0.975,-0.008
274.000,1.000,0.000,0.000,1.148,0.057,1.007,-0.017,-0.001,-0.001,0.975,-0.008
275.000,1.000,0.000,0.000,1.081,-0.108,1.007,-0.017,-0.001,-0.001,0.975,-0.008
276.000,1.000,0.000,0.000,1.112,0.112,1.007,-0.017,-0.001,-0.001,0.975,-0.008
277.000,1.000,0.000,0.000,0.804,-0.160,1.007,-0.017,-0.001,-0.001,0.975,-0.008
278.000,1.000,0.000,0.000,1.303,-0.091,1.007,-0.017,-0.001,-0.001,0.975,-0.008
279.000,1.000,0.000,0.000,0.825,0.043,1.007,-0.017,-0.001,-0.001,0.975,-0.008
280.000,1.000,0.000,0.000,0.632,-0.062,1.007,-0.017,-0.001,-0.001,0.975,-0.008
281.000,1.000,0.000,0.000,0.982,-0.009,1.007,-0.017,-0.001,-0.001,0.975,-0.008
282.000,1.000,0.000,0.000,0.997,-0.015,1.007,-0.017,-0.001,-0.001,0.975,-0.008
283.000,1.000,0.000,0.000,0.883,0.002,1.007,-0.017,-0.001,-0.001,0.975,-0.008
284.000,1.000,0.000,0.000,0.988,0.018,1.007,-0.017,-0.001,-0.001,0.975,-0.008
285.000,1.000,0.000,0.000,0.885,0.008,1.007,-0.017,-0.001,-0.001,0.975,-0.008
286.000,1.000,0.000,0.000,0.794,0.032,1.007,-0.017,-0.001,-0.001,0.975,-0.008
287.000,1.000,0.000,0.000,1.017,0.063,1.007,-0.017,-0.001,-0.001,0.975,-0.008
288.000,1.000,0.000,0.000,1.050,0.011,1.007,-0.017,-0.001,-0.001,0.975,-0.008
289.000,1.000,0.000,0.000,0.885,-0.180,1.007,-0.017,-0.001,-0.001,0.975,-0.008
290.000,1.000,0.000,0.000,0.987,-0.025,1.007,-0.017,-0.001,-0.001,0.975,-0.008
291.000,1.000,0.000,0.000,1.013,0.233,1.007,-0.017,-0.001,-0.001,0.975,-0.008
292.000,1.000,0.000,0.000,0.777,0.127,1.007,-0.017,-0.001,-0.001,0.975,-0.008
293.000,1.000,0.000,0.000,1.029,-0.004,1.007,-0.017,-0.001,-0.001,0.975,-0.008
294.000,1.000,0.000,0.000,1.186,0.150,1.007,-0.017,-0.001,-0.001,0.975,-0.008
295.000,1.000,0.000,0.000,0.792,-0.150,1.007,-0.017,-0.001,-0.001,0.975,-0.008
296.000,1.000,0.000,0.000,0.981,-0.144,1.007,-0.017,-0.001,-0.001,0.975,-0.008
297.000,1.000,0.000,0.000,0.965,0.040,1.007,-0.017,-0.001,-0.001,0.975,-0.008
298.000,1.000,0.000,0.000,1.020,-0.077,1.007,-0.017,-0.001,-0.001,0.975,-0.008
299.000,1.000,0.000,0.000,0.889,-0.013,1.007,-0.017,-0.001,-0.001,0.975,-0.008
300.000,1.000,0.000,0.000,0.981,0.046,1.007,-0.017,-0.001,-0.001,0.975,-0.008
301.000,1.000,0.000,0.000,0.970,0.158,1.007,-0.017,-0.001,-0.001,0.975,-0.008
302.000,1.000,0.000,0.000,0.911,-0.074,1.007,-0.017,-0.001,-0.001,0.975,-0.008
303.000,1.000,0.000,0.000,0.912,0.200,1.007,-0.017,-0.001,-0.001,0.975,-0.008
304.000,1.000,0.000,0.000,0.668,-0.091,1.007,-0.017,-0.001,-0.001,0.975,-0.008
305.000,1.000,0.000,0.000,0.678,-0.004,1.007,-0.017,-0.001,-0.001,0.975,-0.008
306.000,1.000,0.000,0.000,1.044,0.090,1.007,-0.017,-0.001,-0.001,0.975,-0.008
307.000,1.000,0.000,0.000,0.741,-0.121,1.007,-0.017,-0.001,-0.001,0.975,-0.008
308.000,1.000,0.000,0.000,1.238,0.115,1.007,-0.017,-0.001,-0.001,0.975,-0.008
309.000,1.000,0.000,0.000,0.831,-0.163,1.007,-0.017,-0.001,-0.001,0.975,-0.008
310.000,1.000,0.000,0.000,0.880,-0.120,1.007,-0.017,-0.001,-0.001,0.975,-0.008
311.000,1.000,0.000,0.000,0.514,-0.067,1.007,-0.017,-0.001,-0.001,0.975,-0.008
312.000,1.000,0.000,0.000,0.877,-0.046,1.007,-0.017,-0.001,-0.001,0.975,-0.008
313.000,1.000,0.000,0.000,0.881,0.053,1.007,-0.017,-0.001,-0.001,0.975,-0.008
314.000,1.000,0.000,0.000,0.972,0.057,1.007,-0.017,-0.001,-0.001,0.975,-0.008
315.000,1.000,0.000,0.000,0.924,-0.034,1.007,-0.017,-0.001,-0.001,0.975,-0.008
316.000,1.000,0.000,0.000,0.931,0.001,1.007,-0.017,-0.001,-0.001,0.975,-0.008
317.000,1.000,0.000,0.000,0.856,-0.067,1.007,-0.017,-0.001,-0.001,0.975,-0.008
318.000,1.000,0.000,0.000,1.002,-0.023,1.007,-0.017,-0.001,-0.001,0.975,-0.008
319.000,1.000,0.000,0.000,0.831,-0.170,1.007,-0.017,-0.001,-0.001,0.975,-0.008
320.000,1.000,0.000,0.000,1.140,-0.076,1.007,-0.017,-0.001,-0.001,0.975,-0.008
321.000,1.000,0.000,0.000,0.936,0.231,1.007,-0.017,-0.001,-0.001,0.975,-0.008
322.000,1.000,0.000,0.000,1.108,-0.088,1.007,-0.017,-0.001,-0.001,0.975,-0.008
323.000,1.000,0.000,0.000,0.939,-0.389,1.007,-0.017,-0.001,-0.001,0.975,-0.008
324.000,1.000,0.000,0.000,0.763,-0.062,1.007,-0.017,-0.001,-0.001,0.975,-0.008
325.000,1.000,0.000,0.000,1.184,0.258,1.007,-0.017,-0.001,-0.001,0.975,-0.008
326.000,1.000,0.000,0.000,1.123,-0.010,1.007,-0.017,-0.001,-0.001,0.975,-0.008
327.000,1.000,0.000,0.000,0.991,0.043,1.007,-0.017,-0.001,-0.001,0.975,-0.008
328.000,1.000,0.000,0.000,1.076,-0.054,1.007,-0.017,-0.001,-0.001,0.975,-0.008
329.000,1.000,0.000,0.000,1.261,-0.029,1.007,-0.017,-0.001,-0.001,0.975,-0.008
330.000,1.000,0.000,0.000,0.996,0.155,1.007,-0.017,-0.001,-0.001,0.975,-0.008
331.000,1.000,0.000,0.000,0.979,-0.029,1.007,-0.017,-0.001,-0.001,0.975,-0.008
332.000,1.000,0.000,0.000,1.110,0.102,1.007,-0.017,-0.001,-0.001,0.975,-0.008
333.000,1.000,0.000,0.000,0.826,-0.017,1.007,-0.017,-0.001,-0.001,0.975,-0.008
334.000,1.000,0.000,0.000,1.002,0.010,1.007,-0.017,-0.001,-0.001,0.975,-0.008
335.000,1.000,0.000,0.000,1.025,0.025,1.007,-0.017,-0.001,-0.001,0.975,-0.008
336.000,1.000,0.000,0.000,0.853,-0.056,1.007,-0.017,-0.001,-0.001,0.975,-0.008
337.000,1.000,0.000,0.000,1.070,0.079,1.007,-0.017,-0.001,-0.001,0.975,-0.008
338.000,1.000,0.000,0.000,0.708,-0.012,1.007,-0.017,-0.001,-0.001,0.975,-0.008
339.000,1.000,0.000,0.000,1.109,0.013,1.007,-0.017,-0.001,-0.001,0.975,-0.008
340.000,1.000,0.000,0.000,0.964,-0.184,1.007,-0.017,-0.001,-0.001,0.975,-0.008
341.000,1.000,0.000,0.000,1.112,-0.161,1.007,-0.017,-0.001,-0.001,0.975,-0.008
342.000,1.000,0.000,0.000,0.944,-0.027,1.007,-0.017,-0.001,-0.001,0.975,-0.008
343.000,1.000,0.000,0.000,0.796,-0.035,1.007,-0.017,-0.001,-0.001,0.975,-0.008
344.000,1.000,0.000,0.000,0.904,0.050,1.007,-0.017,-0.001,-0.001,0.975,-0.008
345.000,1.000,0.000,0.000,1.051,0.114,1.007,-0.017,-0.001,-0.001,0.975,-0.008
346.000,1.000,0.000,0.000,0.899,0.033,1.007,-0.017,-0.001,-0.001,0.975,-0.008
347.000,1.000,0.000,0.000,1.095,-0.042,1.007,-0.017,-0.001,-0.001,0.975,-0.008
348.000,1.000,0.000,0.000,1.029,0.155,1.007,-0.017,-0.001,-0.001,0.975,-0.008
349.000,1.000,0.000,0.000,0.856,-0.041,1.007,-0.017,-0.001,-0.001,0.975,-0.008
350.000,1.000,0.000,0.000,1.065,0.039,1.007,-0.017,-0.001,-0.001,0.975,-0.008
351.000,1.000,0.000,0.000,1.193,0.026,1.007,-0.017,-0.001,-0.001,0.975,-0.008
352.000,1.000,0.000,0.000,0.867,-0.073,1.007,-0.017,-0.001,-0.001,0.975,-0.008
353.000,1.000,0.000,0.000,1.080,-0.051,1.007,-0.017,-0.001,-0.001,0.975,-0.008
354.000,1.000,0.000,0.000,0.986,-0.005,1.007,-0.017,-0.001,-0.001,0.975,-0.008
355.000,1.000,0.000,0.000,0.924,-0.054,1.007,-0.017,-0.001,-0.001,0.975,-0.008
356.000,1.000,0.000,0.000,0.960,0.074,1.007,-0.017,-0.001,-0.001,0.975,-0.008
357.000,1.000,0.000,0.000,1.057,-0.013,1.007,-0.017,-0.001,-0.001,0.975,-0.008
358.000,1.000,0.000,0.000,1.053,0.128,1.007,-0.017,-0.001,-0.001,0.975,-0.008
359.000,1.000,0.000,0.000,0.945,0.066,1.007,-0.017,-0.001,-0.001,0.975,-0.008
360.000,1.000,0.000,0.000,0.911,-0.026,1.007,-0.017,-0.001,-0.001,0.975,-0.008
361.000,1.000,0.000,0.000,0.790,0.042,1.007,-0.017,-0.001,-0.001,0.975,-0.008
362.000,1.000,0.000,0.000,1.302,-0.086,1.007,-0.017,-0.001,-0.001,0.975,-0.008
363.000,1.000,0.000,0.000,1.143,-0.092,1.007,-0.017,-0.001,-0.001,0.975,-0.008
364.000,1.000,0.000,0.000,0.962,-0.135,1.007,-0.017,-0.001,-0.001,0.975,-0.008
365.000,1.000,0.000,0.000,1.020,-0.064,1.007,-0.017,-0.001,-0.001,0.975,-0.008
366.000,1.000,0.000,0.000,0.948,0.012,1.007,-0.017,-0.001,-0.001,0.975,-0.008
367.000,1.000,0.000,0.000,1.240,0.217,1.007,-0.017,-0.001,-0.001,0.975,-0.008
368.000,1.000,0.000,0.000,0.977,0.063,1.007,-0.017,-0.001,-0.001,0.975,-0.008
369.000,1.000,0.000,0.000,0.905,-0.098,1.007,-0.017,-0.001,-0.001,0.975,-0.008
370.000,1.000,0.000,0.000,1.061,0.120,1.007,-0.017,-0.001,-0.001,0.975,-0.008
371.000,1.000,0.000,0.000,0.924,0.003,1.007,-0.017,-0.001,-0.001,0.975,-0.008
372.000,1.000,0.000,0.000,0.579,-0.195,1.007,-0.017,-0.001,-0.001,0.975,-0.008
373.000,1.000,0.000,0.000,0.911,0.034,1.007,-0.017,-0.001,-0.001,0.975,-0.008
374.000,1.000,0.000,0.000,0.610,0.130,1.007,-0.017,-0.001,-0.001,0.975,-0.008
375.000,1.000,0.000,0.000,0.988,0.078,1.007,-0.017,-0.001,-0.001,0.975,-0.008
376.000,1.000,0.000,0.000,1.091,0.078,1.007,-0.017,-0.001,-0.001,0.975,-0.008
377.000,1.000,0.000,0.000,1.067,-0.104,1.007,-0.017,-0.001,-0.001,0.975,-0.008
378.000,1.000,0.000,0.000,0.888,-0.036,1.007,-0.017,-0.001,-0.001,0.975,-0.008
379.000,1.000,0.000,0.000,1.072,0.134,1.007,-0.017,-0.001,-0.001,0.975,-0.008
380.000,1.000,0.000,0.000,1.131,0.133,1.007,-0.017,-0.001,-0.001,0.975,-0.008
381.000,1.000,0.000,0.000,1.338,0.014,1.007,-0.017,-0.001,-0.001,0.975,-0.008
382.000,1.000,0.000,0.000,0.936,0.061,1.007,-0.017,-0.001,-0.001,0.975,-0.008
383.000,1.000,0.000,0.000,1.139,0.273,1.007,-0.017,-0.001,-0.001,0.975,-0.008
384.000,1.000,0.000,0.000,1.049,-0.030,1.007,-0.017,-0.001,-0.001,0.975,-0.008
385.000,1.000,0.000,0.000,1.102,-0.028,1.007,-0.017,-0.001,-0.001,0.975,-0.008
386.000,1.000,0.000,0.000,1.125,0.025,1.007,-0.017,-0.001,-0.001,0.975,-0.008
387.000,1.000,0.000,0.000,0.955,-0.179,1.007,-0.017,-0.001,-0.001,0.975,-0.008
388.000,1.000,0.000,0.000,1.096,-0.016,1.007,-0.017,-0.001,-0.001,0.975,-0.008
389.000,1.000,0.000,0.000,0.931,-0.003,1.007,-0.017,-0.001,-0.001,0.975,-0.008
390.000,1.000,0.000,0.000,1.239,0.109,1.007,-0.017,-0.001,-0.001,0.975,-0.008
391.000,1.000,0.000,0.000,1.016,-0.020,1.007,-0.017,-0.001,-0.001,0.975,-0.008
392.000,1.000,0.000,0.000,0.941,0.024,1.007,-0.017,-0.001,-0.001,0.975,-0.008
393.000,1.000,0.000,0.000,0.960,-0.156,1.007,-0.017,-0.001,-0.001,0.975,-0.008
394.000,1.000,0.000,0.000,0.628,0.022,1.007,-0.017,-0.001,-0.001,0.975,-0.008
395.000,1.000,0.000,0.000,1.105,0.094,1.007,-0.017,-0.001,-0.001,0.975,-0.008
396.000,1.000,0.000,0.000,1.034,0.165,1.007,-0.017,-0.001,-0.001,0.975,-0.008
397.000,1.000,0.000,0.000,0.848,0.091,1.007,-0.017,-0.001,-0.001,0.975,-0.008
398.000,1.000,0.000,0.000,0.769,0.180,1.007,-0.017,-0.001,-0.001,0.975,-0.008
399.000,1.000,0.000,0.000,1.078,-0.020,1.007,-0.017,-0.001,-0.001,0.975,-0.008
400.000,1.000,0.000,0.000,1.097,0.055,1.007,-0.017,-0.001,-0.001,0.975,-0.008
401.000,1.000,0.000,0.000,1.020,0.034,1.007,-0.017,-0.001,-0.001,0.975,-0.008
402.000,1.000,0.000,0.000,0.922,0.141,1.007,-0.017,-0.001,-0.001,0.975,-0.008
403.000,1.000,0.000,0.000,1.241,0.182,1.007,-0.017,-0.001,-0.001,0.975,-0.008
404.000,1.000,0.000,0.000,0.869,-0.041,1.007,-0.017,-0.001,-0.001,0.975,-0.008
405.000,1.000,0.000,0.000,0.744,-0.196,1.007,-0.017,-0.001,-0.001,0.975,-0.008
406.000,1.000,0.000,0.000,1.002,0.018,1.007,-0.017,-0.001,-0.001,0.975,-0.008
407.000,1.000,0.000,0.000,1.000,0.048,1.007,-0.017,-0.001,-0.001,0.975,-0.008
408.000,1.000,0.000,0.000,0.773,-0.140,1.007,-0.017,-0.001,-0.001,0.975,-0.008
409.000,1.000,0.000,0.000,1.098,0.177,1.007,-0.017,-0.001,-0.001,0.975,-0.008
410.000,1.000,0.000,0.000,0.796,-0.147,1.007,-0.017,-0.001,-0.001,0.975,-0.008
411.000,1.000,0.000,0.000,0.998,-0.230,1.007,-0.017,-0.001,-0.001,0.975,-0.008
412.000,1.000,0.000,0.000,0.745,-0.020,1.007,-0.017,-0.001,-0.001,0.975,-0.008
413.000,1.000,0.000,0.000,0.937,-0.169,1.007,-0.017,-0.001,-0.001,0.975,-0.008
414.000,1.000,0.000,0.000,0.911,-0.035,1.007,-0.017,-0.001,-0.001,0.975,-0.008
415.000,1.000,0.000,0.000,1.053,0.216,1.007,-0.017,-0.001,-0.001,0.975,-0.008
416.000,1.000,0.000,0.000,0.873,-0.036,1.007,-0.017,-0.001,-0.001,0.975,-0.008
417.000,1.000,0.000,0.000,0.788,-0.113,1.007,-0.017,-0.001,-0.001,0.975,-0.008
418.000,1.000,0.000,0.000,0.625,-0.062,1.007,-0.017,-0.001,-0.001,0.975,-0.008
419.000,1.000,0.000,0.000,1.242,0.103,1.007,-0.017,-0.001,-0.001,0.975,-0.008
420.000,1.000,0.000,0.000,1.035,0.024,1.007,-0.017,-0.001,-0.001,0.975,-0.008
421.000,1.000,0.000,0.000,0.935,-0.082,1.007,-0.017,-0.001,-0.001,0.975,-0.008
422.000,1.000,0.000,0.000,0.945,-0.170,1.007,-0.017,-0.001,-0.001,0.975,-0.008
423.000,1.000,0.000,0.000,0.966,-0.049,1.007,-0.017,-0.001,-0.001,0.975,-0.008
424.000,1.000,0.000,0.000,0.863,0.066,1.007,-0.017,-0.001,-0.001,0.975,-0.008
425.000,1.000,0.000,0.000,1.119,-0.064,1.007,-0.017,-0.001,-0.001,0.975,-0.008
426.000,1.000,0.000,0.000,0.794,0.049,1.007,-0.017,-0.001,-0.001,0.975,-0.008
427.000,1.000,0.000,0.000,1.170,-0.013,1.007,-0.017,-0.001,-0.001,0.975,-0.008
428.000,1.000,0.000,0.000,1.255,0.038,1.007,-0.017,-0.001,-0.001,0.975,-0.008
429.000,1.000,0.000,0.000,1.058,-0.041,1.007,-0.017,-0.001,-0.001,0.975,-0.008
430.000,1.000,0.000,0.000,1.193,0.071,1.007,-0.017,-0.001,-0.001,0.975,-0.008
431.000,1.000,0.000,0.000,0.825,-0.059,1.007,-0.017,-0.001,-0.001,0.975,-0.008
432.000,1.000,0.000,0.000,1.164,0.011,1.007,-0.017,-0.001,-0.001,0.975,-0.008
433.000,1.000,0.000,0.000,0.806,0.138,1.007,-0.017,-0.001,-0.001,0.975,-0.008
434.000,1.000,0.000,0.000,1.139,0.064,1.007,-0.017,-0.001,-0.001,0.975,-0.008
435.000,1.000,0.000,0.000,0.830,-0.275,1.007,-0.017,-0.001,-0.001,0.975,-0.008
436.000,1.000,0.000,0.000,0.931,-0.089,1.007,-0.017,-0.001,-0.001,0.975,-0.008
437.000,1.000,0.000,0.000,0.757,0.184,1.007,-0.017,-0.001,-0.001,0.975,-0.008
438.000,1.000,0.000,0.000,1.096,-0.011,1.007,-0.017,-0.001,-0.001,0.975,-0.008
439.000,1.000,0.000,0.000,0.935,0.127,1.007,-0.017,-0.001,-0.001,0.975,-0.008
440.000,1.000,0.000,0.000,1.081,0.034,1.007,-0.017,-0.001,-0.001,0.975,-0.008
441.000,1.000,0.000,0.000,1.089,0.070,1.007,-0.017,-0.001,-0.001,0.975,-0.008
442.000,1.000,0.000,0.000,0.952,-0.185,1.007,-0.017,-0.001,-0.001,0.975,-0.008
443.000,1.000,0.000,0.000,0.936,-0.056,1.007,-0.017,-0.001,-0.001,0.975,-0.008
444.000,1.000,0.000,0.000,0.813,0.139,1.007,-0.017,-0.001,-0.001,0.975,-0.008
445.000,1.000,0.000,0.000,1.151,-0.011,1.007,-0.017,-0.001,-0.001,0.975,-0.008
446.000,1.000,0.000,0.000,0.994,-0.011,1.007,-0.017,-0.001,-0.001,0.975,-0.008
447.000,1.000,0.000,0.000,0.987,0.002,1.007,-0.017,-0.001,-0.001,0.975,-0.008
448.000,1.000,0.000,0.000,1.091,0.162,1.007,-0.017,-0.001,-0.001,0.975,-0.008
449.000,1.000,0.000,0.000,1.049,-0.018,1.007,-0.017,-0.001,-0.001,0.975,-0.008
450.000,1.000,0.000,0.000,1.013,0.055,1.007,-0.017,-0.001,-0.001,0.975,-0.008
451.000,1.000,0.000,0.000,0.899,-0.024,1.007,-0.017,-0.001,-0.001,0.975,-0.008
452.000,1.000,0.000,0.000,1.099,-0.118,1.007,-0.017,-0.001,-0.001,0.975,-0.008
453.000,1.000,0.000,0.000,1.131,0.000,1.007,-0.017,-0.001,-0.001,0.975,-0.008
454.000,1.000,0.000,0.000,1.036,-0.027,1.007,-0.017,-0.001,-0.001,0.975,-0.008
455.000,1.000,0.000,0.000,0.743,-0.201,1.007,-0.017,-0.001,-0.001,0.975,-0.008
456.000,1.000,0.000,0.000,0.911,0.023,1.007,-0.017,-0.001,-0.001,0.975,-0.008
457.000,1.000,0.000,0.000,1.204,0.020,1.007,-0.017,-0.001,-0.001,0.975,-0.008
458.000,1.000,0.000,0.000,1.126,0.069,1.007,-0.017,-0.001,-0.001,0.975,-0.008
459.000,1.000,0.000,0.000,0.737,0.067,1.007,-0.017,-0.001,-0.001,0.975,-0.008
460.000,1.000,0.000,0.000,0.877,-0.027,1.007,-0.017,-0.001,-0.001,0.975,-0.008
461.000,1.000,0.000,0.000,1.158,0.022,1.007,-0.017,-0.001,-0.001,0.975,-0.008
462.000,1.000,0.000,0.000,0.821,-0.036,1.007,-0.017,-0.001,-0.001,0.975,-0.008
463.000,1.000,0.000,0.000,0.785,0.062,1.007,-0.017,-0.001,-0.001,0.975,-0.008
464.000,1.000,0.000,0.000,0.878,0.192,1.007,-0.017,-0.001,-0.001,0.975,-0.008
465.000,1.000,0.000,0.000,1.109,0.071,1.007,-0.017,-0.001,-0.001,0.975,-0.008
466.000,1.000,0.000,0.000,0.917,0.057,1.007,-0.017,-0.001,-0.001,0.975,-0.008
467.000,1.000,0.000,0.000,0.727,-0.089,1.007,-0.017,-0.001,-0.001,0.975,-0.008
468.000,1.000,0.000,0.000,0.741,0.074,1.007,-0.017,-0.001,-0.001,0.975,-0.008
469.000,1.000,0.000,0.000,1.197,-0.084,1.007,-0.017,-0.001,-0.001,0.975,-0.008
470.000,1.000,0.000,0.000,0.979,-0.093,1.007,-0.017,-0.001,-0.001,0.975,-0.008
471.000,1.000,0.000,0.000,0.980,-0.015,1.007,-0.017,-0.001,-0.001,0.975,-0.008
472.000,1.000,0.000,0.000,0.870,0.112,1.007,-0.017,-0.001,-0.001,0.975,-0.008
473.000,1.000,0.000,0.000,1.097,0.211,1.007,-0.017,-0.001,-0.001,0.975,-0.008
474.000,1.000,0.000,0.000,0.909,0.010,1.007,-0.017,-0.001,-0.001,0.975,-0.008
475.000,1.000,0.000,0.000,0.653,-0.057,1.007,-0.017,-0.001,-0.001,0.975,-0.008
476.000,1.000,0.000,0.000,0.987,0.028,1.007,-0.017,-0.001,-0.001,0.975,-0.008
477.000,1.000,0.000,0.000,1.013,0.048,1.007,-0.017,-0.001,-0.001,0.975,-0.008
478.000,1.000,0.000,0.000,0.823,-0.073,1.007,-0.017,-0.001,-0.001,0.975,-0.008
479.000,1.000,0.000,0.000,0.953,-0.165,1.007,-0.017,-0.001,-0.001,0.975,-0.008
480.000,1.000,0.000,0.000,0.860,-0.140,1.007,-0.017,-0.001,-0.001,0.975,-0.008
481.000,1.000,0.000,0.000,0.984,-0.030,1.007,-0.017,-0.001,-0.001,0.975,-0.008
482.000,1.000,0.000,0.000,0.953,0.113,1.007,-0.017,-0.001,-0.001,0.975,-0.008
483.000,1.000,0.000,0.000,0.650,0.033,1.007,-0.017,-0.001,-0.001,0.975,-0.008
484.000,1.000,0.000,0.000,0.969,-0.073,1.007,-0.017,-0.001,-0.001,0.975,-0.008
485.000,1.000,0.000,0.000,0.984,-0.054,1.007,-0.017,-0.001,-0.001,0.975,-0.008
486.000,1.000,0.000,0.000,1.169,0.098,1.007,-0.017,-0.001,-0.001,0.975,-0.008
487.000,1.000,0.000,0.000,1.171,0.019,1.007,-0.017,-0.001,-0.001,0.975,-0.008
488.000,1.000,0.000,0.000,1.354,0.081,1.007,-0.017,-0.001,-0.001,0.975,-0.008
489.000,1.000,0.000,0.000,0.931,-0.028,1.007,-0.017,-0.001,-0.001,0.975,-0.008
490.000,1.000,0.000,0.000,0.884,-0.107,1.007,-0.017,-0.001,-0.001,0.975,-0.008
491.000,1.000,0.000,0.000,0.753,-0.091,1.007,-0.017,-0.001,-0.001,0.975,-0.008
492.000,1.000,0.000,0.000,0.947,-0.001,1.007,-0.017,-0.001,-0.001,0.975,-0.008
493.000,1.000,0.000,0.000,1.019,-0.132,1.007,-0.017,-0.001,-0.001,0.975,-0.008
494.000,1.000,0.000,0.000,1.277,-0.061,1.007,-0.017,-0.001,-0.001,0.975,-0.008
495.000,1.000,0.000,0.000,1.035,-0.063,1.007,-0.017,-0.001,-0.001,0.975,-0.008
496.000,1.000,0.000,0.000,0.876,-0.136,1.007,-0.017,-0.001,-0.001,0.975,-0.008
497.000,1.000,0.000,0.000,0.899,-0.011,1.007,-0.017,-0.001,-0.001,0.975,-0.008
498.000,1.000,0.000,0.000,0.951,0.214,1.007,-0.017,-0.001,-0.001,0.975,-0.008
499.000,1.000,0.000,0.000,0.860,0.134,1.007,-0.017,-0.001,-0.001,0.975,-0.008
500.000,1.000,0.000,0.000,1.128,-0.020,1.007,-0.017,-0.001,-0.001,0.975,-0.008
501.000,1.000,0.000,0.000,1.329,0.002,1.007,-0.017,-0.001,-0.001,0.975,-0.008
502.000,1.000,0.000,0.000,0.836,-0.057,1.007,-0.017,-0.001,-0.001,0.975,-0.008
503.000,1.000,0.000,0.000,0.869,-0.064,1.007,-0.017,-0.001,-0.001,0.975,-0.008
504.000,1.000,0.000,0.000,0.918,0.024,1.007,-0.017,-0.001,-0.001,0.975,-0.008
505.000,1.000,0.000,0.000,1.086,0.082,1.007,-0.017,-0.001,-0.001,0.975,-0.008
506.000,1.000,0.000,0.000,0.950,0.126,1.007,-0.017,-0.001,-0.001,0.975,-0.008
507.000,1.000,0.000,0.000,0.935,0.034,1.007,-0.017,-0.001,-0.001,0.975,-0.008
508.000,1.000,0.000,0.000,0.754,0.161,1.007,-0.017,-0.001,-0.001,0.975,-0.008
509.000,1.000,0.000,0.000,1.099,0.034,1.007,-0.017,-0.001,-0.001,0.975,-0.008
510.000,1.000,0.000,0.000,0.923,-0.017,1.007,-0.017,-0.001,-0.001,0.975,-0.008
511.000,1.000,0.000,0.000,0.696,-0.034,1.007,-0.017,-0.001,-0.001,0.975,-0.008
512.000,1.000,0.000,0.000,0.944,0.006,1.007,-0.017,-0.001,-0.001,0.975,-0.008
513.000,1.000,0.000,0.000,1.053,0.044,1.007,-0.017,-0.001,-0.001,0.975,-0.008
514.000,1.000,0.000,0.000,0.643,-0.092,1.007,-0.017,-0.001,-0.001,0.975,-0.008
515.000,1.000,0.000,0.000,1.069,-0.051,1.007,-0.017,-0.001,-0.001,0.975,-0.008
516.000,1.000,0.000,0.000,1.048,0.069,1.007,-0.017,-0.001,-0.001,0.975,-0.008
517.000,1.000,0.000,0.000,1.137,0.133,1.007,-0.017,-0.001,-0.001,0.975,-0.008
518.000,1.000,0.000,0.000,0.879,0.093,1.007,-0.017,-0.001,-0.001,0.975,-0.008
519.000,1.000,0.000,0.000,0.998,0.063,1.007,-0.017,-0.001,-0.001,0.975,-0.008
520.000,1.000,0.000,0.000,1.033,-0.051,1.007,-0.017,-0.001,-0.001,0.975,-0.008
521.000,1.000,0.000,0.000,1.167,-0.027,1.007,-0.017,-0.001,-0.001,0.975,-0.008
522.000,1.000,0.000,0.000,0.957,0.117,1.007,-0.017,-0.001,-0.001,0.975,-0.008
523.000,1.000,0.000,0.000,0.981,-0.071,1.007,-0.017,-0.001,-0.001,0.975,-0.008
524.000,1.000,0.000,0.000,1.067,-0.055,1.007,-0.017,-0.001,-0.001,0.975,-0.008
525.000,1.000,0.000,0.000,0.910,0.009,1.007,-0.017,-0.001,-0.001,0.975,-0.008
526.000,1.000,0.000,0.000,0.845,0.119,1.007,-0.017,-0.001,-0.001,0.975,-0.008
527.000,1.000,0.000,0.000,0.958,-0.033,1.007,-0.017,-0.001,-0.001,0.975,-0.008
528.000,1.000,0.000,0.000,1.313,-0.052,1.007,-0.017,-0.001,-0.001,0.975,-0.008
529.000,1.000,0.000,0.000,0.984,-0.125,1.007,-0.017,-0.001,-0.001,0.975,-0.008
530.000,1.000,0.000,0.000,1.060,-0.054,1.007,-0.017,-0.001,-0.001,0.975,-0.008
531.000,1.000,0.000,0.000,1.023,0.031,1.007,-0.017,-0.001,-0.001,0.975,-0.008
532.000,1.000,0.000,0.000,0.965,-0.010,1.007,-0.017,-0.001,-0.001,0.975,-0.008
533.000,1.000,0.000,0.000,0.898,-0.037,1.007,-0.017,-0.001,-0.001,0.975,-0.008
534.000,1.000,0.000,0.000,1.000,-0.052,1.007,-0.017,-0.001,-0.001,0.975,-0.008
535.000,1.000,0.000,0.000,0.976,-0.014,1.007,-0.017,-0.001,-0.001,0.975,-0.008
536.000,1.000,0.000,0.000,0.625,-0.047,1.007,-0.017,-0.001,-0.001,0.975,-0.008
537.000,1.000,0.000,0.000,1.018,0.076,1.007,-0.017,-0.001,-0.001,0.975,-0.008
538.000,1.000,0.000,0.000,1.029,0.027,1.007,-0.017,-0.001,-0.001,0.975,-0.008
539.000,1.000,0.000,0.000,0.906,-0.001,1.007,-0.017,-0.001,-0.001,0.975,-0.008
540.000,1.000,0.000,0.000,0.873,-0.123,1.007,-0.017,-0.001,-0.001,0.975,-0.008
541.000,1.000,0.000,0.000,1.003,0.140,1.007,-0.017,-0.001,-0.001,0.975,-0.008
542.000,1.000,0.000,0.000,1.071,-0.064,1.007,-0.017,-0.001,-0.001,0.975,-0.008
543.000,1.000,0.000,0.000,1.164,-0.050,1.007,-0.017,-0.001,-0.001,0.975,-0.008
544.000,1.000,0.000,0.000,0.949,0.008,1.007,-0.017,-0.001,-0.001,0.975,-0.008
545.000,1.000,0.000,0.000,0.881,-0.050,1.007,-0.017,-0.001,-0.001,0.975,-0.008
546.000,1.000,0.000,0.000,1.156,-0.028,1.007,-0.017,-0.001,-0.001,0.975,-0.008
547.000,1.000,0.000,0.000,1.094,-0.068,1.007,-0.017,-0.001,-0.001,0.975,-0.008
548.000,1.000,0.000,0.000,0.946,-0.150,1.007,-0.017,-0.001,-0.001,0.975,-0.008
549.000,1.000,0.000,0.000,0.838,-0.031,1.007,-0.017,-0.001,-0.001,0.975,-0.008
550.000,1.000,0.000,0.000,1.147,-0.075,1.007,-0.017,-0.001,-0.001,0.975,-0.008
551.000,1.000,0.000,0.000,0.828,0.055,1.007,-0.017,-0.001,-0.001,0.975,-0.008
552.000,1.000,0.000,0.000,0.994,0.122,1.007,-0.017,-0.001,-0.001,0.975,-0.008
553.000,1.000,0.000,0.000,0.937,-0.111,1.007,-0.017,-0.001,-0.001,0.975,-0.008
554.000,1.000,0.000,0.000,0.941,0.042,1.007,-0.017,-0.001,-0.001,0.975,-0.008
555.000,1.000,0.000,0.000,0.795,0.155,1.007,-0.017,-0.001,-0.001,0.975,-0.008
556.000,1.000,0.000,0.000,0.926,-0.162,1.007,-0.017,-0.001,-0.001,0.975,-0.008
557.000,1.000,0.000,0.000,1.343,0.087,1.007,-0.017,-0.001,-0.001,0.975,-0.008
558.000,1.000,0.000,0.000,1.131,0.076,1.007,-0.017,-0.001,-0.001,0.975,-0.008
559.000,1.000,0.000,0.000,1.083,0.050,1.007,-0.017,-0.001,-0.001,0.975,-0.008
560.000,1.000,0.000,0.000,0.916,-0.064,1.007,-0.017,-0.001,-0.001,0.975,-0.008
561.000,1.000,0.000,0.000,0.852,-0.164,1.007,-0.017,-0.001,-0.001,0.975,-0.008
562.000,1.000,0.000,0.000,0.943,0.094,1.007,-0.017,-0.001,-0.001,0.975,-0.008
563.000,1.000,0.000,0.000,0.782,-0.084,1.007,-0.017,-0.001,-0.001,0.975,-0.008
564.000,1.000,0.000,0.000,0.953,0.033,1.007,-0.017,-0.001,-0.001,0.975,-0.008
565.000,1.000,0.000,0.000,1.100,0.041,1.007,-0.017,-0.001,-0.001,0.975,-0.008
566.000,1.000,0.000,0.000,0.940,-0.015,1.007,-0.017,-0.001,-0.001,0.975,-0.008
567.000,1.000,0.000,0.000,0.711,0.103,1.007,-0.017,-0.001,-0.001,0.975,-0.008
568.000,1.000,0.000,0.000,0.835,0.001,1.007,-0.017,-0.001,-0.001,0.975,-0.008
569.000,1.000,0.000,0.000,1.011,0.030,1.007,-0.017,-0.001,-0.001,0.975,-0.008
570.000,1.000,0.000,0.000,1.144,-0.073,1.007,-0.017,-0.001,-0.001,0.975,-0.008
571.000,1.000,0.000,0.000,0.852,-0.299,1.007,-0.017,-0.001,-0.001,0.975,-0.008
572.000,1.000,0.000,0.000,1.047,0.014,1.007,-0.017,-0.001,-0.001,0.975,-0.008
573.000,1.000,0.000,0.000,0.991,0.073,1.007,-0.017,-0.001,-0.001,0.975,-0.008
574.000,1.000,0.000,0.000,0.864,0.060,1.007,-0.017,-0.001,-0.001,0.975,-0.008
575.000,1.000,0.000,0.000,0.908,0.001,1.007,-0.017,-0.001,-0.001,0.975,-0.008
576.000,1.000,0.000,0.000,1.201,0.019,1.007,-0.017,-0.001,-0.001,0.975,-0.008
577.000,1.000,0.000,0.000,0.806,0.018,1.007,-0.017,-0.001,-0.001,0.975,-0.008
578.000,1.000,0.000,0.000,1.417,0.013,1.007,-0.017,-0.001,-0.001,0.975,-0.008
579.000,1.000,0.000,0.000,0.960,-0.025,1.007,-0.017,-0.001,-0.001,0.975,-0.008
580.000,1.000,0.000,0.000,1.179,0.043,1.007,-0.017,-0.001,-0.001,0.975,-0.008
581.000,1.000,0.000,0.000,1.088,0.085,1.007,-0.017,-0.001,-0.001,0.975,-0.008
582.000,1.000,0.000,0.000,1.235,0.051,1.007,-0.017,-0.001,-0.001,0.975,-0.008
583.000,1.000,0.000,0.000,0.992,0.026,1.007,-0.017,-0.001,-0.001,0.975,-0.008
584.000,1.000,0.000,0.000,0.926,0.019,1.007,-0.017,-0.001,-0.001,0.975,-0.008
585.000,1.000,0.000,0.000,1.240,0.247,1.007,-0.017,-0.001,-0.001,0.975,-0.008
586.000,1.000,0.000,0.000,0.860,0.062,1.007,-0.017,-0.001,-0.001,0.975,-0.008
587.000,1.000,0.000,0.000,1.024,0.007,1.007,-0.017,-0.001,-0.001,0.975,-0.008
588.000,1.000,0.000,0.000,0.731,-0.048,1.007,-0.017,-0.001,-0.001,0.975,-0.008
589.000,1.000,0.000,0.000,1.342,0.090,1.007,-0.017,-0.001,-0.001,0.975,-0.008
590.000,1.000,0.000,0.000,1.183,0.224,1.007,-0.017,-0.001,-0.001,0.975,-0.008
591.000,1.000,0.000,0.000,1.043,0.057,1.007,-0.017,-0.001,-0.001,0.975,-0.008
592.000,1.000,0.000,0.000,1.001,-0.025,1.007,-0.017,-0.001,-0.001,0.975,-0.008
593.000,1.000,0.000,0.000,0.977,0.032,1.007,-0.017,-0.001,-0.001,0.975,-0.008
594.000,1.000,0.000,0.000,0.968,-0.090,1.007,-0.017,-0.001,-0.001,0.975,-0.008
595.000,1.000,0.000,0.000,1.166,0.224,1.007,-0.017,-0.001,-0.001,0.975,-0.008
596.000,1.000,0.000,0.000,1.026,-0.050,1.007,-0.017,-0.001,-0.001,0.975,-0.008
597.000,1.000,0.000,0.000,0.894,0.045,1.007,-0.017,-0.001,-0.001,0.975,-0.008
598.000,1.000,0.000,0.000,1.027,-0.248,1.007,-0.017,-0.001,-0.001,0.975,-0.008
599.000,1.000,0.000,0.000,0.948,-0.036,1.007,-0.017,-0.001,-0.001,0.975,-0.008
600.000,1.000,0.000,0.000,1.208,-0.035,1.007,-0.017,-0.001,-0.001,0.975,-0.008
601.000,1.000,0.000,0.000,1.014,-0.002,1.007,-0.017,-0.001,-0.001,0.975,-0.008
602.000,1.000,0.000,0.000,0.822,-0.051,1.007,-0.017,-0.001,-0.001,0.975,-0.008
603.000,1.000,0.000,0.000,0.787,-0.020,1.007,-0.017,-0.001,-0.001,0.975,-0.008
604.000,1.000,0.000,0.000,0.775,-0.131,1.007,-0.017,-0.001,-0.001,0.975,-0.008
605.000,1.000,0.000,0.000,1.004,0.138,1.007,-0.017,-0.001,-0.001,0.975,-0.008
606.000,1.000,0.000,0.000,0.866,0.039,1.007,-0.017,-0.001,-0.001,0.975,-0.008
607.000,1.000,0.000,0.000,0.877,-0.076,1.007,-0.017,-0.001,-0.001,0.975,-0.008
608.000,1.000,0.000,0.000,0.953,0.052,1.007,-0.017,-0.001,-0.001,0.975,-0.008
609.000,1.000,0.000,0.000,1.023,0.090,1.007,-0.017,-0.001,-0.001,0.975,-0.008
610.000,1.000,0.000,0.000,1.190,-0.027,1.007,-0.017,-0.001,-0.001,0.975,-0.008
611.000,1.000,0.000,0.000,0.688,-0.155,1.007,-0.017,-0.001,-0.001,0.975,-0.008
612.000,1.000,0.000,0.000,1.088,0.070,1.007,-0.017,-0.001,-0.001,0.975,-0.008
613.000,1.000,0.000,0.000,0.974,-0.126,1.007,-0.017,-0.001,-0.001,0.975,-0.008
614.000,1.000,0.000,0.000,1.001,0.006,1.007,-0.017,-0.001,-0.001,0.975,-0.008
615.000,1.000,0.000,0.000,0.807,0.093,1.007,-0.017,-0.001,-0.001,0.975,-0.008
616.000,1.000,0.000,0.000,0.863,0.005,1.007,-0.017,-0.001,-0.001,0.975,-0.008
617.000,1.000,0.000,0.000,1.271,0.100,1.007,-0.017,-0.001,-0.001,0.975,-0.008
618.000,1.000,0.000,0.000,1.120,0.004,1.007,-0.017,-0.001,-0.001,0.975,-0.008
619.000,1.000,0.000,0.000,1.005,-0.034,1.007,-0.017,-0.001,-0.001,0.975,-0.008
620.000,1.000,0.000,0.000,1.286,-0.020,1.007,-0.017,-0.001,-0.001,0.975,-0.008
621.000,1.000,0.000,0.000,1.017,-0.215,1.007,-0.017,-0.001,-0.001,0.975,-0.008
622.000,1.000,0.000,0.000,0.949,-0.060,1.007,-0.017,-0.001,-0.001,0.975,-0.008
623.000,1.000,0.000,0.000,1.037,-0.114,1.007,-0.017,-0.001,-0.001,0.975,-0.008
624.000,1.000,0.000,0.000,1.431,-0.023,1.007,-0.017,-0.001,-0.001,0.975,-0.008
625.000,1.000,0.000,0.000,0.928,0.007,1.007,-0.017,-0.001,-0.001,0.975,-0.008
626.000,1.000,0.000,0.000,0.809,-0.014,1.007,-0.017,-0.001,-0.001,0.975,-0.008
627.000,1.000,0.000,0.000,1.027,0.088,1.007,-0.017,-0.001,-0.001,0.975,-0.008
628.000,1.000,0.000,0.000,0.902,0.053,1.007,-0.017,-0.001,-0.001,0.975,-0.008
629.000,1.000,0.000,0.000,1.068,-0.103,1.007,-0.017,-0.001,-0.001,0.975,-0.008
630.000,1.000,0.000,0.000,0.852,0.023,1.007,-0.017,-0.001,-0.001,0.975,-0.008
631.000,1.000,0.000,0.000,0.816,-0.064,1.007,-0.017,-0.001,-0.001,0.975,-0.008
632.000,1.000,0.000,0.000,1.151,0.010,1.007,-0.017,-0.001,-0.001,0.975,-0.008
633.000,1.000,0.000,0.000,0.994,-0.025,1.007,-0.017,-0.001,-0.001,0.975,-0.008
634.000,1.000,0.000,0.000,1.012,-0.046,1.007,-0.017,-0.001,-0.001,0.975,-0.008
635.000,1.000,0.000,0.000,1.347,-0.045,1.007,-0.017,-0.001,-0.001,0.975,-0.008
636.000,1.000,0.000,0.000,1.240,0.098,1.007,-0.017,-0.001,-0.001,0.975,-0.008
637.000,1.000,0.000,0.000,1.012,-0.040,1.007,-0.017,-0.001,-0.001,0.975,-0.008
638.000,1.000,0.000,0.000,0.996,0.050,1.007,-0.017,-0.001,-0.001,0.975,-0.008
639.000,1.000,0.000,0.000,0.969,0.016,1.007,-0.017,-0.001,-0.001,0.975,-0.008
640.000,1.000,0.000,0.000,1.138,-0.068,1.007,-0.017,-0.001,-0.001,0.975,-0.008
641.000,1.000,0.000,0.000,1.217,-0.035,1.007,-0.017,-0.001,-0.001,0.975,-0.008
642.000,1.000,0.000,0.000,0.890,0.050,1.007,-0.017,-0.001,-0.001,0.975,-0.008
643.000,1.000,0.000,0.000,1.056,-0.284,1.007,-0.017,-0.001,-0.001,0.975,-0.008
644.000,1.000,0.000,0.000,1.053,-0.028,1.007,-0.017,-0.001,-0.001,0.975,-0.008
645.000,1.000,0.000,0.000,0.817,-0.115,1.007,-0.017,-0.001,-0.001,0.975,-0.008
646.000,1.000,0.000,0.000,1.077,0.127,1.007,-0.017,-0.001,-0.001,0.975,-0.008
647.000,1.000,0.000,0.000,0.687,-0.009,1.007,-0.017,-0.001,-0.001,0.975,-0.008
648.000,1.000,0.000,0.000,0.936,0.117,1.007,-0.017,-0.001,-0.001,0.975,-0.008
649.000,1.000,0.000,0.000,1.052,-0.014,1.007,-0.017,-0.001,-0.001,0.975,-0.008
650.000,1.000,0.000,0.000,1.058,-0.076,1.007,-0.017,-0.001,-0.001,0.975,-0.008
651.000,1.000,0.000,0.000,1.433,0.148,1.007,-0.017,-0.001,-0.001,0.975,-0.008
652.000,1.000,0.000,0.000,0.933,0.015,1.007,-0.017,-0.001,-0.001,0.975,-0.008
653.000,1.000,0.000,0.000,0.831,0.034,1.007,-0.017,-0.001,-0.001,0.975,-0.008
654.000,1.000,0.000,0.000,1.060,0.052,1.007,-0.017,-0.001,-0.001,0.975,-0.008
655.000,1.000,0.000,0.000,0.819,0.013,1.007,-0.017,-0.001,-0.001,0.975,-0.008
656.000,1.000,0.000,0.000,1.014,-0.105,1.007,-0.017,-0.001,-0.001,0.975,-0.008
657.000,1.000,0.000,0.000,0.886,0.002,1.007,-0.017,-0.001,-0.001,0.975,-0.008
658.000,1.000,0.000,0.000,1.139,-0.085,1.007,-0.017,-0.001,-0.001,0.975,-0.008
659.000,1.000,0.000,0.000,1.025,-0.030,1.007,-0.017,-0.001,-0.001,0.975,-0.008
660.000,1.000,0.000,0.000,0.827,0.024,1.007,-0.017,-0.001,-0.001,0.975,-0.008
661.000,1.000,0.000,0.000,0.832,-0.155,1.007,-0.017,-0.001,-0.001,0.975,-0.008
662.000,1.000,0.000,0.000,1.128,0.053,1.007,-0.017,-0.001,-0.001,0.975,-0.008
663.000,1.000,0.000,0.000,1.051,-0.018,1.007,-0.017,-0.001,-0.001,0.975,-0.008
664.000,1.000,0.000,0.000,0.884,-0.024,1.007,-0.017,-0.001,-0.001,0.975,-0.008
665.000,1.000,0.000,0.000,0.859,0.008,1.007,-0.017,-0.001,-0.001,0.975,-0.008
666.000,1.000,0.000,0.000,0.993,-0.143,1.007,-0.017,-0.001,-0.001,0.975,-0.008
667.000,1.000,0.000,0.000,1.021,0.033,1.007,-0.017,-0.001,-0.001,0.975,-0.008
668.000,1.000,0.000,0.000,1.183,0.025,1.007,-0.017,-0.001,-0.001,0.975,-0.008
669.000,1.000,0.000,0.000,0.941,-0.037,1.007,-0.017,-0.001,-0.001,0.975,-0.008
670.000,1.000,0.000,0.000,0.895,-0.053,1.007,-0.017,-0.001,-0.001,0.975,-0.008
671.000,1.000,0.000,0.000,1.322,-0.148,1.007,-0.017,-0.001,-0.001,0.975,-0.008
672.000,1.000,0.000,0.000,1.093,-0.242,1.007,-0.017,-0.001,-0.001,0.975,-0.008
673.000,1.000,0.000,0.000,1.029,0.156,1.007,-0.017,-0.001,-0.001,0.975,-0.008
674.000,1.000,0.000,0.000,1.037,-0.199,1.007,-0.017,-0.001,-0.001,0.975,-0.008
675.000,1.000,0.000,0.000,1.123,0.090,1.007,-0.017,-0.001,-0.001,0.975,-0.008
676.000,1.000,0.000,0.000,1.026,0.119,1.007,-0.017,-0.001,-0.001,0.975,-0.008
677.000,1.000,0.000,0.000,0.896,0.097,1.007,-0.017,-0.001,-0.001,0.975,-0.008
678.000,1.000,0.000,0.000,0.946,-0.069,1.007,-0.017,-0.001,-0.001,0.975,-0.008
679.000,1.000,0.000,0.000,1.233,0.172,1.007,-0.017,-0.001,-0.001,0.975,-0.008
680.000,1.000,0.000,0.000,1.048,0.000,1.007,-0.017,-0.001,-0.001,0.975,-0.008
681.000,1.000,0.000,0.000,0.703,-0.058,1.007,-0.017,-0.001,-0.001,0.975,-0.008
682.000,1.000,0.000,0.000,1.178,0.122,1.007,-0.017,-0.001,-0.001,0.975,-0.008
683.000,1.000,0.000,0.000,0.910,-0.115,1.007,-0.017,-0.001,-0.001,0.975,-0.008
684.000,1.000,0.000,0.000,1.118,0.039,1.007,-0.017,-0.001,-0.001,0.975,-0.008
685.000,1.000,0.000,0.000,0.516,-0.071,1.007,-0.017,-0.001,-0.001,0.975,-0.008
686.000,1.000,0.000,0.000,0.875,-0.132,1.007,-0.017,-0.001,-0.001,0.975,-0.008
687.000,1.000,0.000,0.000,0.707,-0.077,1.007,-0.017,-0.001,-0.001,0.975,-0.008
688.000,1.000,0.000,0.000,1.059,-0.081,1.007,-0.017,-0.001,-0.001,0.975,-0.008
689.000,1.000,0.000,0.000,1.198,-0.020,1.007,-0.017,-0.001,-0.001,0.975,-0.008
690.000,1.000,0.000,0.000,0.879,-0.201,1.007,-0.017,-0.001,-0.001,0.975,-0.008
691.000,1.000,0.000,0.000,0.951,-0.028,1.007,-0.017,-0.001,-0.001,0.975,-0.008
692.000,1.000,0.000,0.000,0.984,-0.068,1.007,-0.017,-0.001,-0.001,0.975,-0.008
693.000,1.000,0.000,0.000,1.004,0.116,1.007,-0.017,-0.001,-0.001,0.975,-0.008
694.000,1.000,0.000,0.000,1.055,0.128,1.007,-0.017,-0.001,-0.001,0.975,-0.008
695.000,1.000,0.000,0.000,0.717,0.101,1.007,-0.017,-0.001,-0.001,0.975,-0.008
696.000,1.000,0.000,0.000,0.975,0.039,1.007,-0.017,-0.001,-0.001,0.975,-0.008
697.000,1.000,0.000,0.000,1.030,-0.187,1.007,-0.017,-0.001,-0.001,0.975,-0.008
698.000,1.000,0.000,0.000,0.953,-0.188,1.007,-0.017,-0.001,-0.001,0.975,-0.008
699.000,1.000,0.000,0.000,0.710,0.051,1.007,-0.017,-0.001,-0.001,0.975,-0.008
700.000,1.000,0.000,0.000,0.664,-0.071,1.007,-0.017,-0.001,-0.001,0.975,-0.008
701.000,1.000,0.000,0.000,1.244,0.173,1.007,-0.017,-0.001,-0.001,0.975,-0.008
702.000,1.000,0.000,0.000,1.097,0.144,1.007,-0.017,-0.001,-0.001,0.975,-0.008
703.000,1.000,0.000,0.000,0.897,-0.085,1.007,-0.017,-0.001,-0.001,0.975,-0.008
704.000,1.000,0.000,0.000,1.009,-0.025,1.007,-0.017,-0.001,-0.001,0.975,-0.008
705.000,1.000,0.000,0.000,1.145,0.166,1.007,-0.017,-0.001,-0.001,0.975,-0.008
706.000,1.000,0.000,0.000,0.999,-0.073,1.007,-0.017,-0.001,-0.001,0.975,-0.008
707.000,1.000,0.000,0.000,0.737,0.107,1.007,-0.017,-0.001,-0.001,0.975,-0.008
708.000,1.000,0.000,0.000,0.865,-0.119,1.007,-0.017,-0.001,-0.001,0.975,-0.008
709.000,1.000,0.000,0.000,1.272,-0.152,1.007,-0.017,-0.001,-0.001,0.975,-0.008
710.000,1.000,0.000,0.000,0.854,-0.030,1.007,-0.017,-0.001,-0.001,0.975,-0.008
711.000,1.000,0.000,0.000,0.895,-0.019,1.007,-0.017,-0.001,-0.001,0.975,-0.008
712.000,1.000,0.000,0.000,0.793,-0.083,1.007,-0.017,-0.001,-0.001,0.975,-0.008
713.000,1.000,0.000,0.000,0.921,0.012,1.007,-0.017,-0.001,-0.001,0.975,-0.008
714.000,1.000,0.000,0.000,0.939,0.038,1.007,-0.017,-0.001,-0.001,0.975,-0.008
715.000,1.000,0.000,0.000,1.011,-0.029,1.007,-0.017,-0.001,-0.001,0.975,-0.008
716.000,1.000,0.000,0.000,0.950,-0.081,1.007,-0.017,-0.001,-0.001,0.975,-0.008
717.000,1.000,0.000,0.000,1.038,-0.175,1.007,-0.017,-0.001,-0.001,0.975,-0.008
718.000,1.000,0.000,0.000,1.029,0.055,1.007,-0.017,-0.001,-0.001,0.975,-0.008
719.000,1.000,0.000,0.000,1.088,0.128,1.007,-0.017,-0.001,-0.001,0.975,-0.008
720.000,1.000,0.000,0.000,0.904,0.057,1.007,-0.017,-0.001,-0.001,0.975,-0.008
721.000,1.000,0.000,0.000,0.791,-0.033,1.007,-0.017,-0.001,-0.001,0.975,-0.008
722.000,1.000,0.000,0.000,0.927,0.121,1.007,-0.017,-0.001,-0.001,0.975,-0.008
723.000,1.000,0.000,0.000,0.913,0.108,1.007,-0.017,-0.001,-0.001,0.975,-0.008
724.000,1.000,0.000,0.000,1.077,-0.073,1.007,-0.017,-0.001,-0.001,0.975,-0.008
725.000,1.000,0.000,0.000,1.089,0.074,1.007,-0.017,-0.001,-0.001,0.975,-0.008
726.000,1.000,0.000,0.000,1.031,0.125,1.007,-0.017,-0.001,-0.001,0.975,-0.008
727.000,1.000,0.000,0.000,0.948,0.014,1.007,-0.017,-0.001,-0.001,0.975,-0.008
728.000,1.000,0.000,0.000,1.018,-0.098,1.007,-0.017,-0.001,-0.001,0.975,-0.008
729.000,1.000,0.000,0.000,1.098,0.015,1.007,-0.017,-0.001,-0.001,0.975,-0.008
730.000,1.000,0.000,0.000,1.094,0.148,1.007,-0.017,-0.001,-0.001,0.975,-0.008
731.000,1.000,0.000,0.000,0.919,-0.083,1.007,-0.017,-0.001,-0.001,0.975,-0.008
732.000,1.000,0.000,0.000,1.059,0.076,1.007,-0.017,-0.001,-0.001,0.975,-0.008
733.000,1.000,0.000,0.000,1.211,0.057,1.007,-0.017,-0.001,-0.001,0.975,-0.008
734.000,1.000,0.000,0.000,0.911,-0.085,1.007,-0.017,-0.001,-0.001,0.975,-0.008
735.000,1.000,0.000,0.000,0.870,-0.008,1.007,-0.017,-0.001,-0.001,0.975,-0.008
736.000,1.000,0.000,0.000,0.821,-0.071,1.007,-0.017,-0.001,-0.001,0.975,-0.008
737.000,1.000,0.000,0.000,0.995,0.030,1.007,-0.017,-0.001,-0.001,0.975,-0.008
738.000,1.000,0.000,0.000,0.867,-0.072,1.007,-0.017,-0.001,-0.001,0.975,-0.008
739.000,1.000,0.000,0.000,0.860,0.065,1.007,-0.017,-0.001,-0.001,0.975,-0.008
740.000,1.000,0.000,0.000,0.801,-0.198,1.007,-0.017,-0.001,-0.001,0.975,-0.008
741.000,1.000,0.000,0.000,0.810,-0.045,1.007,-0.017,-0.001,-0.001,0.975,-0.008
742.000,1.000,0.000,0.000,1.005,0.089,1.007,-0.017,-0.001,-0.001,0.975,-0.008
743.000,1.000,0.000,0.000,1.118,0.084,1.007,-0.017,-0.001,-0.001,0.975,-0.008
744.000,1.000,0.000,0.000,0.865,-0.027,1.007,-0.017,-0.001,-0.001,0.975,-0.008
745.000,1.000,0.000,0.000,0.790,0.059,1.007,-0.017,-0.001,-0.001,0.975,-0.008
746.000,1.000,0.000,0.000,0.677,-0.047,1.007,-0.017,-0.001,-0.001,0.975,-0.008
747.000,1.000,0.000,0.000,0.905,-0.150,1.007,-0.017,-0.001,-0.001,0.975,-0.008
748.000,1.000,0.000,0.000,1.293,0.034,1.007,-0.017,-0.001,-0.001,0.975,-0.008
749.000,1.000,0.000,0.000,0.788,-0.028,1.007,-0.017,-0.001,-0.001,0.975,-0.008
750.000,1.000,0.000,0.000,0.969,0.087,1.007,-0.017,-0.001,-0.001,0.975,-0.008
751.000,1.000,0.000,0.000,0.903,-0.125,1.007,-0.017,-0.001,-0.001,0.975,-0.008
752.000,1.000,0.000,0.000,1.088,0.090,1.007,-0.017,-0.001,-0.001,0.975,-0.008
753.000,1.000,0.000,0.000,0.937,-0.015,1.007,-0.017,-0.001,-0.001,0.975,-0.008
754.000,1.000,0.000,0.000,1.004,0.111,1.007,-0.017,-0.001,-0.001,0.975,-0.008
755.000,1.000,0.000,0.000,0.880,0.123,1.007,-0.017,-0.001,-0.001,0.975,-0.008
756.000,1.000,0.000,0.000,0.762,0.145,1.007,-0.017,-0.001,-0.001,0.975,-0.008
757.000,1.000,0.000,0.000,0.919,-0.016,1.007,-0.017,-0.001,-0.001,0.975,-0.008
758.000,1.000,0.000,0.000,1.226,0.040,1.007,-0.017,-0.001,-0.001,0.975,-0.008
759.000,1.000,0.000,0.000,1.233,0.041,1.007,-0.017,-0.001,-0.001,0.975,-0.008
760.000,1.000,0.000,0.000,0.958,-0.074,1.007,-0.017,-0.001,-0.001,0.975,-0.008
761.000,1.000,0.000,0.000,0.680,-0.075,1.007,-0.017,-0.001,-0.001,0.975,-0.008
762.000,1.000,0.000,0.000,1.096,0.103,1.007,-0.017,-0.001,-0.001,0.975,-0.008
763.000,1.000,0.000,0.000,1.009,0.098,1.007,-0.017,-0.001,-0.001,0.975,-0.008
764.000,1.000,0.000,0.000,0.660,-0.052,1.007,-0.017,-0.001,-0.001,0.975,-0.008
765.000,1.000,0.000,0.000,1.066,-0.002,1.007,-0.017,-0.001,-0.001,0.975,-0.008
766.000,1.000,0.000,0.000,0.910,-0.052,1.007,-0.017,-0.001,-0.001,0.975,-0.008
767.000,1.000,0.000,0.000,0.839,-0.004,1.007,-0.017,-0.001,-0.001,0.975,-0.008
768.000,1.000,0.000,0.000,0.808,-0.061,1.007,-0.017,-0.001,-0.001,0.975,-0.008
769.000,1.000,0.000,0.000,1.065,-0.004,1.007,-0.017,-0.001,-0.001,0.975,-0.008
770.000,1.000,0.000,0.000,1.139,0.168,1.007,-0.017,-0.001,-0.001,0.975,-0.008
771.000,1.000,0.000,0.000,1.124,-0.188,1.007,-0.017,-0.001,-0.001,0.975,-0.008
772.000,1.000,0.000,0.000,1.072,0.257,1.007,-0.017,-0.001,-0.001,0.975,-0.008
773.000,1.000,0.000,0.000,1.017,-0.073,1.007,-0.017,-0.001,-0.001,0.975,-0.008
774.000,1.000,0.000,0.000,1.098,-0.039,1.007,-0.017,-0.001,-0.001,0.975,-0.008
775.000,1.000,0.000,0.000,0.980,-0.065,1.007,-0.017,-0.001,-0.001,0.975,-0.008
776.000,1.000,0.000,0.000,0.888,-0.123,1.007,-0.017,-0.001,-0.001,0.975,-0.008
777.000,1.000,0.000,0.000,1.300,-0.044,1.007,-0.017,-0.001,-0.001,0.975,-0.008
778.000,1.000,0.000,0.000,1.128,-0.103,1.007,-0.017,-0.001,-0.001,0.975,-0.008
779.000,1.000,0.000,0.000,1.179,0.021,1.007,-0.017,-0.001,-0.001,0.975,-0.008
780.000,1.000,0.000,0.000,1.064,-0.026,1.007,-0.017,-0.001,-0.001,0.975,-0.008
781.000,1.000,0.000,0.000,0.648,0.033,1.007,-0.017,-0.001,-0.001,0.975,-0.008
782.000,1.000,0.000,0.000,0.940,0.061,1.007,-0.017,-0.001,-0.001,0.975,-0.008
783.000,1.000,0.000,0.000,0.972,-0.070,1.007,-0.017,-0.001,-0.001,0.975,-0.008
784.000,1.000,0.000,0.000,0.515,0.017,1.007,-0.017,-0.001,-0.001,0.975,-0.008
785.000,1.000,0.000,0.000,1.047,-0.027,1.007,-0.017,-0.001,-0.001,0.975,-0.008
786.000,1.000,0.000,0.000,1.282,0.158,1.007,-0.017,-0.001,-0.001,0.975,-0.008
787.000,1.000,0.000,0.000,0.624,-0.234,1.007,-0.017,-0.001,-0.001,0.975,-0.008
788.000,1.000,0.000,0.000,0.929,-0.223,1.007,-0.017,-0.001,-0.001,0.975,-0.008
789.000,1.000,0.000,0.000,1.008,0.026,1.007,-0.017,-0.001,-0.001,0.975,-0.008
790.000,1.000,0.000,0.000,1.037,0.053,1.007,-0.017,-0.001,-0.001,0.975,-0.008
791.000,1.000,0.000,0.000,0.967,-0.060,1.007,-0.017,-0.001,-0.001,0.975,-0.008
792.000,1.000,0.000,0.000,1.024,-0.054,1.007,-0.017,-0.001,-0.001,0.975,-0.008
793.000,1.000,0.000,0.000,0.430,-0.153,1.007,-0.017,-0.001,-0.001,0.975,-0.008
794.000,1.000,0.000,0.000,0.948,-0.032,1.007,-0.017,-0.001,-0.001,0.975,-0.008
795.000,1.000,0.000,0.000,1.165,-0.062,1.007,-0.017,-0.001,-0.001,0.975,-0.008
796.000,1.000,0.000,0.000,1.165,0.078,1.007,-0.017,-0.001,-0.001,0.975,-0.008
797.000,1.000,0.000,0.000,1.034,0.040,1.007,-0.017,-0.001,-0.001,0.975,-0.008
798.000,1.000,0.000,0.000,1.037,0.237,1.007,-0.017,-0.001,-0.001,0.975,-0.008
799.000,1.000,0.000,0.000,0.865,0.022,1.007,-0.017,-0.001,-0.001,0.975,-0.008
800.000,1.000,0.000,0.000,1.024,-0.083,1.007,-0.017,-0.001,-0.001,0.975,-0.008
801.000,1.000,0.000,0.000,0.804,-0.101,1.007,-0.017,-0.001,-0.001,0.975,-0.008
802.000,1.000,0.000,0.000,1.288,-0.005,1.007,-0.017,-0.001,-0.001,0.975,-0.008
803.000,1.000,0.000,0.000,0.859,-0.081,1.007,-0.017,-0.001,-0.001,0.975,-0.008
804.000,1.000,0.000,0.000,0.952,0.007,1.007,-0.017,-0.001,-0.001,0.975,-0.008
805.000,1.000,0.000,0.000,0.721,0.018,1.007,-0.017,-0.001,-0.001,0.975,-0.008
806.000,1.000,0.000,0.000,1.145,0.002,1.007,-0.017,-0.001,-0.001,0.975,-0.008
807.000,1.000,0.000,0.000,0.936,0.048,1.007,-0.017,-0.001,-0.001,0.975,-0.008
808.000,1.000,0.000,0.000,1.171,0.147,1.007,-0.017,-0.001,-0.001,0.975,-0.008
809.000,1.000,0.000,0.000,1.014,0.032,1.007,-0.017,-0.001,-0.001,0.975,-0.008
810.000,1.000,0.000,0.000,1.027,0.051,1.007,-0.017,-0.001,-0.001,0.975,-0.008
811.000,1.000,0.000,0.000,0.892,0.001,1.007,-0.017,-0.001,-0.001,0.975,-0.008
812.000,1.000,0.000,0.000,0.954,0.055,1.007,-0.017,-0.001,-0.001,0.975,-0.008
813.000,1.000,0.000,0.000,0.928,0.018,1.007,-0.017,-0.001,-0.001,0.975,-0.008
814.000,1.000,0.000,0.000,0.874,0.020,1.007,-0.017,-0.001,-0.001,0.975,-0.008
815.000,1.000,0.000,0.000,0.909,-0.070,1.007,-0.017,-0.001,-0.001,0.975,-0.008
816.000,1.000,0.000,0.000,1.130,0.096,1.007,-0.017,-0.001,-0.001,0.975,-0.008
817.000,1.000,0.000,0.000,1.241,-0.122,1.007,-0.017,-0.001,-0.001,0.975,-0.008
818.000,1.000,0.000,0.000,1.197,-0.129,1.007,-0.017,-0.001,-0.001,0.975,-0.008
819.000,1.000,0.000,0.000,1.139,0.056,1.007,-0.017,-0.001,-0.001,0.975,-0.008
820.000,1.000,0.000,0.000,0.884,0.051,1.007,-0.017,-0.001,-0.001,0.975,-0.008
821.000,1.000,0.000,0.000,0.851,-0.090,1.007,-0.017,-0.001,-0.001,0.975,-0.008
822.000,1.000,0.000,0.000,1.137,0.049,1.007,-0.017,-0.001,-0.001,0.975,-0.008
823.000,1.000,0.000,0.000,1.082,0.084,1.007,-0.017,-0.001,-0.001,0.975,-0.008
824.000,1.000,0.000,0.000,0.974,-0.055,1.007,-0.017,-0.001,-0.001,0.975,-0.008
825.000,1.000,0.000,0.000,1.055,-0.091,1.007,-0.017,-0.001,-0.001,0.975,-0.008
826.000,1.000,0.000,0.000,0.602,-0.348,1.007,-0.017,-0.001,-0.001,0.975,-0.008
827.000,1.000,0.000,0.000,0.972,-0.282,1.007,-0.017,-0.001,-0.001,0.975,-0.008
828.000,1.000,0.000,0.000,1.133,0.108,1.007,-0.017,-0.001,-0.001,0.975,-0.008
829.000,1.000,0.000,0.000,0.688,-0.052,1.007,-0.017,-0.001,-0.001,0.975,-0.008
830.000,1.000,0.000,0.000,0.882,-0.078,1.007,-0.017,-0.001,-0.001,0.975,-0.008
831.000,1.000,0.000,0.000,1.024,-0.105,1.007,-0.017,-0.001,-0.001,0.975,-0.008
832.000,1.000,0.000,0.000,1.083,0.044,1.007,-0.017,-0.001,-0.001,0.975,-0.008
833.000,1.000,0.000,0.000,0.856,0.004,1.007,-0.017,-0.001,-0.001,0.975,-0.008
834.000,1.000,0.000,0.000,0.805,0.027,1.007,-0.017,-0.001,-0.001,0.975,-0.008
835.000,1.000,0.000,0.000,1.008,0.028,1.007,-0.017,-0.001,-0.001,0.975,-0.008
836.000,1.000,0.000,0.000,1.131,-0.102,1.007,-0.017,-0.001,-0.001,0.975,-0.008
837.000,1.000,0.000,0.000,0.906,0.031,1.007,-0.017,-0.001,-0.001,0.975,-0.008
838.000,1.000,0.000,0.000,1.008,-0.067,1.007,-0.017,-0.001,-0.001,0.975,-0.008
839.000,1.000,0.000,0.000,1.027,-0.266,1.007,-0.017,-0.001,-0.001,0.975,-0.008
840.000,1.000,0.000,0.000,0.902,-0.027,1.007,-0.017,-0.001,-0.001,0.975,-0.008
841.000,1.000,0.000,0.000,0.968,0.055,1.007,-0.017,-0.001,-0.001,0.975,-0.008
842.000,1.000,0.000,0.000,1.086,-0.071,1.007,-0.017,-0.001,-0.001,0.975,-0.008
843.000,1.000,0.000,0.000,0.674,0.062,1.007,-0.017,-0.001,-0.001,0.975,-0.008
844.000,1.000,0.000,0.000,0.902,0.235,1.007,-0.017,-0.001,-0.001,0.975,-0.008
845.000,1.000,0.000,0.000,1.046,-0.185,1.007,-0.017,-0.001,-0.001,0.975,-0.008
846.000,1.000,0.000,0.000,1.073,0.029,1.007,-0.017,-0.001,-0.001,0.975,-0.008
847.000,1.000,0.000,0.000,0.939,-0.118,1.007,-0.017,-0.001,-0.001,0.975,-0.008
848.000,1.000,0.000,0.000,1.049,-0.079,1.007,-0.017,-0.001,-0.001,0.975,-0.008
849.000,1.000,0.000,0.000,1.323,-0.014,1.007,-0.017,-0.001,-0.001,0.975,-0.008
850.000,1.000,0.000,0.000,1.125,0.105,1.007,-0.017,-0.001,-0.001,0.975,-0.008
851.000,1.000,0.000,0.000,0.990,-0.006,1.007,-0.017,-0.001,-0.001,0.975,-0.008
852.000,1.000,0.000,0.000,0.942,0.037,1.007,-0.017,-0.001,-0.001,0.975,-0.008
853.000,1.000,0.000,0.000,0.977,0.088,1.007,-0.017,-0.001,-0.001,0.975,-0.008
854.000,1.000,0.000,0.000,0.809,0.016,1.007,-0.017,-0.001,-0.001,0.975,-0.008
855.000,1.000,0.000,0.000,1.030,-0.073,1.007,-0.017,-0.001,-0.001,0.975,-0.008
856.000,1.000,0.000,0.000,1.105,-0.034,1.007,-0.017,-0.001,-0.001,0.975,-0.008
857.000,1.000,0.000,0.000,0.743,0.014,1.007,-0.017,-0.001,-0.001,0.975,-0.008
858.000,1.000,0.000,0.000,0.779,-0.209,1.007,-0.017,-0.001,-0.001,0.975,-0.008
859.000,1.000,0.000,0.000,0.828,-0.045,1.007,-0.017,-0.001,-0.001,0.975,-0.008
860.000,1.000,0.000,0.000,1.046,0.065,1.007,-0.017,-0.001,-0.001,0.975,-0.008
861.000,1.000,0.000,0.000,0.863,-0.100,1.007,-0.017,-0.001,-0.001,0.975,-0.008
862.000,1.000,0.000,0.000,1.210,0.111,1.007,-0.017,-0.001,-0.001,0.975,-0.008
863.000,1.000,0.000,0.000,1.039,0.071,1.007,-0.017,-0.001,-0.001,0.975,-0.008
864.000,1.000,0.000,0.000,0.732,-0.110,1.007,-0.017,-0.001,-0.001,0.975,-0.008
865.000,1.000,0.000,0.000,0.813,0.014,1.007,-0.017,-0.001,-0.001,0.975,-0.008
866.000,1.000,0.000,0.000,1.008,0.052,1.007,-0.017,-0.001,-0.001,0.975,-0.008
867.000,1.000,0.000,0.000,1.343,0.020,1.007,-0.017,-0.001,-0.001,0.975,-0.008
868.000,1.000,0.000,0.000,1.136,-0.164,1.007,-0.017,-0.001,-0.001,0.975,-0.008
869.000,1.000,0.000,0.000,0.835,0.005,1.007,-0.017,-0.001,-0.001,0.975,-0.008
870.000,1.000,0.000,0.000,1.067,-0.042,1.007,-0.017,-0.001,-0.001,0.975,-0.008
871.000,1.000,0.000,0.000,0.909,0.024,1.007,-0.017,-0.001,-0.001,0.975,-0.008
872.000,1.000,0.000,0.000,1.024,-0.100,1.007,-0.017,-0.001,-0.001,0.975,-0.008
873.000,1.000,0.000,0.000,0.932,0.063,1.007,-0.017,-0.001,-0.001,0.975,-0.008
874.000,1.000,0.000,0.000,0.904,0.005,1.007,-0.017,-0.001,-0.001,0.975,-0.008
875.000,1.000,0.000,0.000,0.819,0.069,1.007,-0.017,-0.001,-0.001,0.975,-0.008
876.000,1.000,0.000,0.000,0.868,0.011,1.007,-0.017,-0.001,-0.001,0.975,-0.008
877.000,1.000,0.000,0.000,1.138,0.080,1.007,-0.017,-0.001,-0.001,0.975,-0.008
878.000,1.000,0.000,0.000,1.356,-0.204,1.007,-0.017,-0.001,-0.001,0.975,-0.008
879.000,1.000,0.000,0.000,0.800,-0.180,1.007,-0.017,-0.001,-0.001,0.975,-0.008
880.000,1.000,0.000,0.000,1.006,-0.040,1.007,-0.017,-0.001,-0.001,0.975,-0.008
881.000,1.000,0.000,0.000,0.865,-0.129,1.007,-0.017,-0.001,-0.001,0.975,-0.008
882.000,1.000,0.000,0.000,0.853,-0.042,1.007,-0.017,-0.001,-0.001,0.975,-0.008
883.000,1.000,0.000,0.000,0.756,0.087,1.007,-0.017,-0.001,-0.001,0.975,-0.008
884.000,1.000,0.000,0.000,0.975,-0.162,1.007,-0.017,-0.001,-0.001,0.975,-0.008
885.000,1.000,0.000,0.000,0.618,-0.107,1.007,-0.017,-0.001,-0.001,0.975,-0.008
886.000,1.000,0.000,0.000,0.758,-0.112,1.007,-0.017,-0.001,-0.001,0.975,-0.008
887.000,1.000,0.000,0.000,1.145,0.112,1.007,-0.017,-0.001,-0.001,0.975,-0.008
888.000,1.000,0.000,0.000,0.768,0.017,1.007,-0.017,-0.001,-0.001,0.975,-0.008
889.000,1.000,0.000,0.000,0.891,0.072,1.007,-0.017,-0.001,-0.001,0.975,-0.008
890.000,1.000,0.000,0.000,0.982,-0.116,1.007,-0.017,-0.001,-0.001,0.975,-0.008
891.000,1.000,0.000,0.000,1.050,-0.011,1.007,-0.017,-0.001,-0.001,0.975,-0.008
892.000,1.000,0.000,0.000,0.927,0.010,1.007,-0.017,-0.001,-0.001,0.975,-0.008
893.000,1.000,0.000,0.000,0.971,0.083,1.007,-0.017,-0.001,-0.001,0.975,-0.008
894.000,1.000,0.000,0.000,0.751,0.069,1.007,-0.017,-0.001,-0.001,0.975,-0.008
895.000,1.000,0.000,0.000,0.814,-0.105,1.007,-0.017,-0.001,-0.001,0.975,-0.008
896.000,1.000,0.000,0.000,0.870,-0.025,1.007,-0.017,-0.001,-0.001,0.975,-0.008
897.000,1.000,0.000,0.000,0.897,-0.009,1.007,-0.017,-0.001,-0.001,0.975,-0.008
898.000,1.000,0.000,0.000,0.815,-0.174,1.007,-0.017,-0.001,-0.001,0.975,-0.008
899.000,1.000,0.000,0.000,0.732,0.072,1.007,-0.017,-0.001,-0.001,0.975,-0.008
900.000,1.000,0.000,0.000,1.113,0.003,1.007,-0.017,-0.001,-0.001,0.975,-0.008
901.000,1.000,0.000,0.000,1.084,-0.020,1.007,-0.017,-0.001,-0.001,0.975,-0.008
902.000,1.000,0.000,0.000,1.018,-0.081,1.007,-0.017,-0.001,-0.001,0.975,-0.008
903.000,1.000,0.000,0.000,0.930,-0.124,1.007,-0.017,-0.001,-0.001,0.975,-0.008
904.000,1.000,0.000,0.000,0.948,0.033,1.007,-0.017,-0.001,-0.001,0.975,-0.008
905.000,1.000,0.000,0.000,1.018,0.102,1.007,-0.017,-0.001,-0.001,0.975,-0.008
906.000,1.000,0.000,0.000,0.923,-0.013,1.007,-0.017,-0.001,-0.001,0.975,-0.008
907.000,1.000,0.000,0.000,1.004,0.032,1.007,-0.017,-0.001,-0.001,0.975,-0.008
908.000,1.000,0.000,0.000,0.708,-0.042,1.007,-0.017,-0.001,-0.001,0.975,-0.008
909.000,1.000,0.000,0.000,0.839,-0.015,1.007,-0.017,-0.001,-0.001,0.975,-0.008
910.000,1.000,0.000,0.000,0.952,-0.030,1.007,-0.017,-0.001,-0.001,0.975,-0.008
911.000,1.000,0.000,0.000,0.953,0.074,1.007,-0.017,-0.001,-0.001,0.975,-0.008
912.000,1.000,0.000,0.000,0.568,-0.209,1.007,-0.017,-0.001,-0.001,0.975,-0.008
913.000,1.000,0.000,0.000,1.444,0.080,1.007,-0.017,-0.001,-0.001,0.975,-0.008
914.000,1.000,0.000,0.000,0.691,-0.114,1.007,-0.017,-0.001,-0.001,0.975,-0.008
915.000,1.000,0.000,0.000,0.804,-0.072,1.007,-0.017,-0.001,-0.001,0.975,-0.008
916.000,1.000,0.000,0.000,0.826,-0.110,1.007,-0.017,-0.001,-0.001,0.975,-0.008
917.000,1.000,0.000,0.000,1.156,-0.103,1.007,-0.017,-0.001,-0.001,0.975,-0.008
918.000,1.000,0.000,0.000,1.031,-0.030,1.007,-0.017,-0.001,-0.001,0.975,-0.008
919.000,1.000,0.000,0.000,0.957,-0.169,1.007,-0.017,-0.001,-0.001,0.975,-0.008
920.000,1.000,0.000,0.000,0.979,-0.165,1.007,-0.017,-0.001,-0.001,0.975,-0.008
921.000,1.000,0.000,0.000,1.073,0.120,1.007,-0.017,-0.001,-0.001,0.975,-0.008
922.000,1.000,0.000,0.000,1.048,0.096,1.007,-0.017,-0.001,-0.001,0.975,-0.008
923.000,1.000,0.000,0.000,1.020,-0.072,1.007,-0.017,-0.001,-0.001,0.975,-0.008
924.000,1.000,0.000,0.000,0.998,0.033,1.007,-0.017,-0.001,-0.001,0.975,-0.008
925.000,1.000,0.000,0.000,0.842,-0.078,1.007,-0.017,-0.001,-0.001,0.975,-0.008
926.000,1.000,0.000,0.000,1.104,0.007,1.007,-0.017,-0.001,-0.001,0.975,-0.008
927.000,1.000,0.000,0.000,1.313,-0.106,1.007,-0.017,-0.001,-0.001,0.975,-0.008
928.000,1.000,0.000,0.000,1.033,-0.064,1.007,-0.017,-0.001,-0.001,0.975,-0.008
929.000,1.000,0.000,0.000,1.081,0.006,1.007,-0.017,-0.001,-0.001,0.975,-0.008
930.000,1.000,0.000,0.000,0.717,-0.034,1.007,-0.017,-0.001,-0.001,0.975,-0.008
931.000,1.000,0.000,0.000,1.021,-0.132,1.007,-0.017,-0.001,-0.001,0.975,-0.008
932.000,1.000,0.000,0.000,0.966,0.052,1.007,-0.017,-0.001,-0.001,0.975,-0.008
933.000,1.000,0.000,0.000,1.141,0.012,1.007,-0.017,-0.001,-0.001,0.975,-0.008
934.000,1.000,0.000,0.000,1.143,0.172,1.007,-0.017,-0.001,-0.001,0.975,-0.008
935.000,1.000,0.000,0.000,0.917,-0.036,1.007,-0.017,-0.001,-0.001,0.975,-0.008
936.000,1.000,0.000,0.000,1.282,0.098,1.007,-0.017,-0.001,-0.001,0.975,-0.008
937.000,1.000,0.000,0.000,0.920,0.055,1.007,-0.017,-0.001,-0.001,0.975,-0.008
938.000,1.000,0.000,0.000,0.938,-0.085,1.007,-0.017,-0.001,-0.001,0.975,-0.008
939.000,1.000,0.000,0.000,0.996,-0.175,1.007,-0.017,-0.001,-0.001,0.975,-0.008
940.000,1.000,0.000,0.000,1.049,0.126,1.007,-0.017,-0.001,-0.001,0.975,-0.008
941.000,1.000,0.000,0.000,0.912,-0.202,1.007,-0.017,-0.001,-0.001,0.975,-0.008
942.000,1.000,0.000,0.000,1.270,0.054,1.007,-0.017,-0.001,-0.001,0.975,-0.008
943.000,1.000,0.000,0.000,0.870,0.026,1.007,-0.017,-0.001,-0.001,0.975,-0.008
944.000,1.000,0.000,0.000,1.255,-0.044,1.007,-0.017,-0.001,-0.001,0.975,-0.008
945.000,1.000,0.000,0.000,0.990,-0.120,1.007,-0.017,-0.001,-0.001,0.975,-0.008
946.000,1.000,0.000,0.000,1.218,-0.038,1.007,-0.017,-0.001,-0.001,0.975,-0.008
947.000,1.000,0.000,0.000,1.346,0.031,1.007,-0.017,-0.001,-0.001,0.975,-0.008
948.000,1.000,0.000,0.000,0.770,-0.093,1.007,-0.017,-0.001,-0.001,0.975,-0.008
949.000,1.000,0.000,0.000,0.867,-0.109,1.007,-0.017,-0.001,-0.001,0.975,-0.008
950.000,1.000,0.000,0.000,1.108,0.068,1.007,-0.017,-0.001,-0.001,0.975,-0.008
951.000,1.000,0.000,0.000,1.179,-0.045,1.007,-0.017,-0.001,-0.001,0.975,-0.008
952.000,1.000,0.000,0.000,1.166,0.051,1.007,-0.017,-0.001,-0.001,0.975,-0.008
953.000,1.000,0.000,0.000,1.082,0.019,1.007,-0.017,-0.001,-0.001,0.975,-0.008
954.000,1.000,0.000,0.000,1.017,-0.061,1.007,-0.017,-0.001,-0.001,0.975,-0.008
955.000,1.000,0.000,0.000,0.877,0.050,1.007,-0.017,-0.001,-0.001,0.975,-0.008
956.000,1.000,0.000,0.000,1.138,0.037,1.007,-0.017,-0.001,-0.001,0.975,-0.008
957.000,1.000,0.000,0.000,1.049,0.100,1.007,-0.017,-0.001,-0.001,0.975,-0.008
958.000,1.000,0.000,0.000,1.301,-0.199,1.007,-0.017,-0.001,-0.001,0.975,-0.008
959.000,1.000,0.000,0.000,1.088,0.020,1.007,-0.017,-0.001,-0.001,0.975,-0.008
960.000,1.000,0.000,0.000,1.074,-0.005,1.007,-0.017,-0.001,-0.001,0.975,-0.008
961.000,1.000,0.000,0.000,0.878,0.084,1.007,-0.017,-0.001,-0.001,0.975,-0.008
962.000,1.000,0.000,0.000,1.296,-0.121,1.007,-0.017,-0.001,-0.001,0.975,-0.008
963.000,1.000,0.000,0.000,1.031,0.064,1.007,-0.017,-0.001,-0.001,0.975,-0.008
964.000,1.000,0.000,0.000,0.864,-0.107,1.007,-0.017,-0.001,-0.001,0.975,-0.008
965.000,1.000,0.000,0.000,0.909,-0.061,1.007,-0.017,-0.001,-0.001,0.975,-0.008
966.000,1.000,0.000,0.000,1.028,0.040,1.007,-0.017,-0.001,-0.001,0.975,-0.008
967.000,1.000,0.000,0.000,0.806,-0.075,1.007,-0.017,-0.001,-0.001,0.975,-0.008
968.000,1.000,0.000,0.000,1.017,0.038,1.007,-0.017,-0.001,-0.001,0.975,-0.008
969.000,1.000,0.000,0.000,1.125,0.090,1.007,-0.017,-0.001,-0.001,0.975,-0.008
970.000,1.000,0.000,0.000,1.310,-0.003,1.007,-0.017,-0.001,-0.001,0.975,-0.008
971.000,1.000,0.000,0.000,0.908,-0.013,1.007,-0.017,-0.001,-0.001,0.975,-0.008
972.000,1.000,0.000,0.000,1.179,0.044,1.007,-0.017,-0.001,-0.001,0.975,-0.008
973.000,1.000,0.000,0.000,1.035,0.192,1.007,-0.017,-0.001,-0.001,0.975,-0.008
974.000,1.000,0.000,0.000,1.079,0.115,1.007,-0.017,-0.001,-0.001,0.975,-0.008
975.000,1.000,0.000,0.000,1.251,-0.009,1.007,-0.017,-0.001,-0.001,0.975,-0.008
976.000,1.000,0.000,0.000,0.759,-0.114,1.007,-0.017,-0.001,-0.001,0.975,-0.008
977.000,1.000,0.000,0.000,0.861,0.047,1.007,-0.017,-0.001,-0.001,0.975,-0.008
978.000,1.000,0.000,0.000,1.149,-0.047,1.007,-0.017,-0.001,-0.001,0.975,-0.008
979.000,1.000,0.000,0.000,1.203,0.098,1.007,-0.017,-0.001,-0.001,0.975,-0.008
980.000,1.000,0.000,0.000,0.714,-0.046,1.007,-0.017,-0.001,-0.001,0.975,-0.008
981.000,1.000,0.000,0.000,0.949,0.036,1.007,-0.017,-0.001,-0.001,0.975,-0.008
982.000,1.000,0.000,0.000,0.999,-0.005,1.007,-0.017,-0.001,-0.001,0.975,-0.008
983.000,1.000,0.000,0.000,0.824,-0.110,1.007,-0.017,-0.001,-0.001,0.975,-0.008
984.000,1.000,0.000,0.000,0.924,-0.084,1.007,-0.017,-0.001,-0.001,0.975,-0.008
985.000,1.000,0.000,0.000,0.728,-0.129,1.007,-0.017,-0.001,-0.001,0.975,-0.008
986.000,1.000,0.000,0.000,0.732,0.083,1.007,-0.017,-0.001,-0.001,0.975,-0.008
987.000,1.000,0.000,0.000,0.919,-0.088,1.007,-0.017,-0.001,-0.001,0.975,-0.008
988.000,1.000,0.000,0.000,1.242,0.024,1.007,-0.017,-0.001,-0.001,0.975,-0.008
989.000,1.000,0.000,0.000,1.232,-0.007,1.007,-0.017,-0.001,-0.001,0.975,-0.008
990.000,1.000,0.000,0.000,1.179,0.072,1.007,-0.017,-0.001,-0.001,0.975,-0.008
991.000,1.000,0.000,0.000,1.096,0.072,1.007,-0.017,-0.001,-0.001,0.975,-0.008
992.000,1.000,0.000,0.000,1.244,-0.013,1.007,-0.017,-0.001,-0.001,0.975,-0.008
993.000,1.000,0.000,0.000,0.804,-0.008,1.007,-0.017,-0.001,-0.001,0.975,-0.008
994.000,1.000,0.000,0.000,0.855,0.025,1.007,-0.017,-0.001,-0.001,0.975,-0.008
995.000,1.000,0.000,0.000,0.934,-0.111,1.007,-0.017,-0.001,-0.001,0.975,-0.008
996.000,1.000,0.000,0.000,0.838,-0.027,1.007,-0.017,-0.001,-0.001,0.975,-0.008
997.000,1.000,0.000,0.000,1.023,-0.038,1.007,-0.017,-0.001,-0.001,0.975,-0.008
998.000,1.000,0.000,0.000,0.909,0.138,1.007,-0.017,-0.001,-0.001,0.975,-0.008
999.000,1.000,0.000,0.000,1.252,0.120,1.007,-0.017,-0.001,-0.001,0.975,-0.008
1000.000,1.000,0.000,0.000,1.109,0.044,1.007,-0.017,-0.001,-0.001,0.975,-0.008
